disease_id,disease_key,disease_name,category,training_records,dataset_top_symptoms,self_care_level,safe_self_care_draft,avoid_or_caution,when_to_seek_medical_care,general_emergency_warning_signs,medlineplus_lookup_url,nhs_lookup_url,review_status,validation_note
1,actinic_keratosis,Actinic Keratosis,Skin / dermatologic,808,"symptoms of the face (66%); irregular appearing scalp (52%); skin dryness, peeling, scaliness, or roughness (52%); skin moles (52%); itching of skin (52%); skin rash (51%); skin growth (50%); abnormal appearing skin (50%)",Supportive self-care may help symptoms,"Keep the area clean and dry, avoid scratching and known irritants, use fragrance-free skin products, and protect affected skin from excessive sun or friction. Do not cut, squeeze, or burn lesions.","Do not use leftover prescription medicines, antibiotics, steroids, or herbal products without advice from a licensed clinician or pharmacist.","Arrange medical review if symptoms are severe, persistent, recurrent, worsening, or not improving with reasonable supportive care.","Trouble breathing; chest pain or pressure; fainting; sudden confusion; severe weakness; heavy bleeding; coughing or vomiting blood; seizure; blue, gray, or very pale lips/skin; severe or rapidly worsening pain",https://medlineplus.gov/search/?query=actinic+keratosis,https://www.nhs.uk/search/results/?q=actinic+keratosis,Needs clinical review,"Symptoms are derived from the uploaded training CSV. Guidance is a conservative, source-backed draft and must be reviewed by a licensed healthcare professional before production use."
2,acute_bronchiolitis,Acute Bronchiolitis,Respiratory / ENT,1204,fever (52%); nasal congestion (52%); wheezing (52%); vomiting (52%); hurts to breath (51%); cough (51%); decreased appetite (51%); difficulty breathing (50%),Prompt medical evaluation,"Use only supportive measures while arranging prompt professional care: rest, adequate fluids when safe, monitor symptoms, and avoid unprescribed antibiotics or other medicines.","Do not use leftover prescription medicines, antibiotics, steroids, or herbal products without advice from a licensed clinician or pharmacist.","Contact a healthcare professional promptly, ideally the same day, or sooner if symptoms are worsening.","Trouble breathing; chest pain or pressure; fainting; sudden confusion; severe weakness; heavy bleeding; coughing or vomiting blood; seizure; blue, gray, or very pale lips/skin; severe or rapidly worsening pain",https://medlineplus.gov/search/?query=acute+bronchiolitis,https://www.nhs.uk/search/results/?q=acute+bronchiolitis,Needs clinical review,"Symptoms are derived from the uploaded training CSV. Guidance is a conservative, source-backed draft and must be reviewed by a licensed healthcare professional before production use."
3,acute_bronchitis,Acute Bronchitis,Respiratory / ENT,1213,nasal congestion (52%); fever (52%); coryza (52%); cough (52%); headache (52%); sore throat (51%); sharp chest pain (50%); congestion in chest (50%),Supportive self-care may help symptoms,"Rest, drink adequate fluids, use clean humidified air, avoid smoke and other triggers, and practice hand hygiene. Warm fluids may soothe throat irritation. Follow an existing clinician-approved asthma or COPD action plan when applicable.","Do not use leftover prescription medicines, antibiotics, steroids, or herbal products without advice from a licensed clinician or pharmacist.","Arrange medical review if symptoms are severe, persistent, recurrent, worsening, or not improving with reasonable supportive care.","Trouble breathing; chest pain or pressure; fainting; sudden confusion; severe weakness; heavy bleeding; coughing or vomiting blood; seizure; blue, gray, or very pale lips/skin; severe or rapidly worsening pain",https://medlineplus.gov/search/?query=acute+bronchitis,https://www.nhs.uk/search/results/?q=acute+bronchitis,Needs clinical review,"Symptoms are derived from the uploaded training CSV. Guidance is a conservative, source-backed draft and must be reviewed by a licensed healthcare professional before production use."
4,acute_bronchospasm,Acute Bronchospasm,Respiratory / ENT,812,vomiting (65%); cough (53%); difficulty breathing (53%); sore throat (52%); wheezing (51%); nasal congestion (51%); sharp chest pain (51%); chest tightness (50%),Emergency evaluation,"Do not rely on home remedies. Arrange emergency assessment now. Keep the person safe, avoid food or drink if a procedure may be needed, and follow emergency-service instructions.","Do not use leftover prescription medicines, antibiotics, steroids, or herbal products without advice from a licensed clinician or pharmacist.",Seek emergency care immediately; do not wait for symptoms to improve at home.,"Trouble breathing; chest pain or pressure; fainting; sudden confusion; severe weakness; heavy bleeding; coughing or vomiting blood; seizure; blue, gray, or very pale lips/skin; severe or rapidly worsening pain",https://medlineplus.gov/search/?query=acute+bronchospasm,https://www.nhs.uk/search/results/?q=acute+bronchospasm,Needs clinical review,"Symptoms are derived from the uploaded training CSV. Guidance is a conservative, source-backed draft and must be reviewed by a licensed healthcare professional before production use."
5,acute_kidney_injury,Acute Kidney Injury,Systemic / metabolic,808,retention of urine (64%); vomiting (53%); weakness (53%); nausea (51%); sharp abdominal pain (51%); kidney mass (51%); peripheral edema (50%); sharp chest pain (50%),Emergency evaluation,"Do not rely on home remedies. Arrange emergency assessment now. Keep the person safe, avoid food or drink if a procedure may be needed, and follow emergency-service instructions.","Do not use leftover prescription medicines, antibiotics, steroids, or herbal products without advice from a licensed clinician or pharmacist. Do not force fluids or change salt intake without professional advice.",Seek emergency care immediately; do not wait for symptoms to improve at home.,"Trouble breathing; chest pain or pressure; fainting; sudden confusion; severe weakness; heavy bleeding; coughing or vomiting blood; seizure; blue, gray, or very pale lips/skin; severe or rapidly worsening pain",https://medlineplus.gov/search/?query=acute+kidney+injury,https://www.nhs.uk/search/results/?q=acute+kidney+injury,Needs clinical review,"Symptoms are derived from the uploaded training CSV. Guidance is a conservative, source-backed draft and must be reviewed by a licensed healthcare professional before production use."
6,acute_pancreatitis,Acute Pancreatitis,Digestive / hepatobiliary,1207,burning abdominal pain (53%); nausea (52%); vomiting (51%); abusing alcohol (51%); hemoptysis (51%); diarrhea (51%); upper abdominal pain (50%); back pain (50%),Emergency evaluation,"Do not rely on home remedies. Arrange emergency assessment now. Keep the person safe, avoid food or drink if a procedure may be needed, and follow emergency-service instructions.","Do not use leftover prescription medicines, antibiotics, steroids, or herbal products without advice from a licensed clinician or pharmacist.",Seek emergency care immediately; do not wait for symptoms to improve at home.,"Trouble breathing; chest pain or pressure; fainting; sudden confusion; severe weakness; heavy bleeding; coughing or vomiting blood; seizure; blue, gray, or very pale lips/skin; severe or rapidly worsening pain",https://medlineplus.gov/search/?query=acute+pancreatitis,https://www.nhs.uk/search/results/?q=acute+pancreatitis,Needs clinical review,"Symptoms are derived from the uploaded training CSV. Guidance is a conservative, source-backed draft and must be reviewed by a licensed healthcare professional before production use."
7,acute_sinusitis,Acute Sinusitis,Respiratory / ENT,828,sore throat (63%); coryza (54%); sinus congestion (54%); ear pain (52%); frontal headache (52%); cough (50%); coughing up sputum (50%); facial pain (50%),Supportive self-care may help symptoms,"Rest, drink adequate fluids, use clean humidified air, avoid smoke and other triggers, and practice hand hygiene. Warm fluids may soothe throat irritation. Follow an existing clinician-approved asthma or COPD action plan when applicable.","Do not use leftover prescription medicines, antibiotics, steroids, or herbal products without advice from a licensed clinician or pharmacist.","Arrange medical review if symptoms are severe, persistent, recurrent, worsening, or not improving with reasonable supportive care.","Trouble breathing; chest pain or pressure; fainting; sudden confusion; severe weakness; heavy bleeding; coughing or vomiting blood; seizure; blue, gray, or very pale lips/skin; severe or rapidly worsening pain",https://medlineplus.gov/search/?query=acute+sinusitis,https://www.nhs.uk/search/results/?q=acute+sinusitis,Needs clinical review,"Symptoms are derived from the uploaded training CSV. Guidance is a conservative, source-backed draft and must be reviewed by a licensed healthcare professional before production use."
8,allergy,Allergy,Respiratory / ENT,803,fluid retention (63%); peripheral edema (53%); allergic reaction (52%); skin swelling (52%); itching of skin (51%); itchiness of eye (51%); skin rash (50%); abnormal appearing skin (50%),Supportive self-care may help symptoms,"Rest, drink adequate fluids, use clean humidified air, avoid smoke and other triggers, and practice hand hygiene. Warm fluids may soothe throat irritation. Follow an existing clinician-approved asthma or COPD action plan when applicable.","Do not use leftover prescription medicines, antibiotics, steroids, or herbal products without advice from a licensed clinician or pharmacist.","Arrange medical review if symptoms are severe, persistent, recurrent, worsening, or not improving with reasonable supportive care.","Trouble breathing; chest pain or pressure; fainting; sudden confusion; severe weakness; heavy bleeding; coughing or vomiting blood; seizure; blue, gray, or very pale lips/skin; severe or rapidly worsening pain",https://medlineplus.gov/search/?query=allergy,https://www.nhs.uk/search/results/?q=allergy,Needs clinical review,"Symptoms are derived from the uploaded training CSV. Guidance is a conservative, source-backed draft and must be reviewed by a licensed healthcare professional before production use."
9,angina,Angina,Cardiovascular,826,hot flashes (65%); palpitations (53%); sharp chest pain (52%); lower body pain (51%); arm pain (51%); chest tightness (51%); irregular heartbeat (50%); increased heart rate (50%),Emergency evaluation,"Do not rely on home remedies. Arrange emergency assessment now. Keep the person safe, avoid food or drink if a procedure may be needed, and follow emergency-service instructions.","Do not use leftover prescription medicines, antibiotics, steroids, or herbal products without advice from a licensed clinician or pharmacist.",Seek emergency care immediately; do not wait for symptoms to improve at home.,"Trouble breathing; chest pain or pressure; fainting; sudden confusion; severe weakness; heavy bleeding; coughing or vomiting blood; seizure; blue, gray, or very pale lips/skin; severe or rapidly worsening pain",https://medlineplus.gov/search/?query=angina,https://www.nhs.uk/search/results/?q=angina,Needs clinical review,"Symptoms are derived from the uploaded training CSV. Guidance is a conservative, source-backed draft and must be reviewed by a licensed healthcare professional before production use."
10,anxiety,Anxiety,Mental and behavioral health,1198,sharp chest pain (53%); depressive or psychotic symptoms (52%); insomnia (52%); depression (51%); abnormal involuntary movements (51%); headache (51%); irregular heartbeat (51%); fears and phobias (51%),Clinician-guided support,"Maintain regular sleep, meals, gentle activity, and social support. Use calming or grounding techniques when helpful and arrange assessment with a qualified mental-health professional. Avoid alcohol or recreational drugs.","Do not use leftover prescription medicines, antibiotics, steroids, or herbal products without advice from a licensed clinician or pharmacist.","Seek professional help when symptoms disrupt daily life, persist, worsen, involve hallucinations, or create safety concerns.","Trouble breathing; chest pain or pressure; fainting; sudden confusion; severe weakness; heavy bleeding; coughing or vomiting blood; seizure; blue, gray, or very pale lips/skin; severe or rapidly worsening pain",https://medlineplus.gov/search/?query=anxiety,https://www.nhs.uk/search/results/?q=anxiety,Needs clinical review,"Symptoms are derived from the uploaded training CSV. Guidance is a conservative, source-backed draft and must be reviewed by a licensed healthcare professional before production use."
11,appendicitis,Appendicitis,Digestive / hepatobiliary,808,decreased appetite (62%); burning abdominal pain (53%); lower abdominal pain (53%); vomiting (51%); nausea (51%); stomach bloating (51%); fever (51%); upper abdominal pain (51%),Emergency evaluation,"Do not rely on home remedies. Arrange emergency assessment now. Keep the person safe, avoid food or drink if a procedure may be needed, and follow emergency-service instructions.","Do not use leftover prescription medicines, antibiotics, steroids, or herbal products without advice from a licensed clinician or pharmacist.",Seek emergency care immediately; do not wait for symptoms to improve at home.,"Trouble breathing; chest pain or pressure; fainting; sudden confusion; severe weakness; heavy bleeding; coughing or vomiting blood; seizure; blue, gray, or very pale lips/skin; severe or rapidly worsening pain",https://medlineplus.gov/search/?query=appendicitis,https://www.nhs.uk/search/results/?q=appendicitis,Needs clinical review,"Symptoms are derived from the uploaded training CSV. Guidance is a conservative, source-backed draft and must be reviewed by a licensed healthcare professional before production use."
12,arthritis_of_the_hip,Arthritis Of The Hip,Musculoskeletal / neurologic,1210,pelvic pain (53%); knee pain (51%); ache all over (51%); groin pain (51%); hip stiffness or tightness (51%); problems with movement (50%); hip pain (50%); back pain (50%),Supportive self-care may help symptoms,"Modify activities that worsen pain. For a recent minor injury, use brief rest, cold packs wrapped in cloth, compression when appropriate, and elevation. For chronic pain, gentle movement and clinician-guided exercises are generally preferred over prolonged bed rest.","Do not use leftover prescription medicines, antibiotics, steroids, or herbal products without advice from a licensed clinician or pharmacist.","Arrange medical review if symptoms are severe, persistent, recurrent, worsening, or not improving with reasonable supportive care.","Trouble breathing; chest pain or pressure; fainting; sudden confusion; severe weakness; heavy bleeding; coughing or vomiting blood; seizure; blue, gray, or very pale lips/skin; severe or rapidly worsening pain",https://medlineplus.gov/search/?query=arthritis+of+the+hip,https://www.nhs.uk/search/results/?q=arthritis+of+the+hip,Needs clinical review,"Symptoms are derived from the uploaded training CSV. Guidance is a conservative, source-backed draft and must be reviewed by a licensed healthcare professional before production use."
13,asthma,Asthma,Respiratory / ENT,814,coughing up sputum (63%); nasal congestion (54%); cough (53%); allergic reaction (52%); difficulty breathing (51%); wheezing (51%); fever (51%); coryza (51%),Supportive self-care may help symptoms,"Rest, drink adequate fluids, use clean humidified air, avoid smoke and other triggers, and practice hand hygiene. Warm fluids may soothe throat irritation. Follow an existing clinician-approved asthma or COPD action plan when applicable.","Do not use leftover prescription medicines, antibiotics, steroids, or herbal products without advice from a licensed clinician or pharmacist.","Arrange medical review if symptoms are severe, persistent, recurrent, worsening, or not improving with reasonable supportive care.","Trouble breathing; chest pain or pressure; fainting; sudden confusion; severe weakness; heavy bleeding; coughing or vomiting blood; seizure; blue, gray, or very pale lips/skin; severe or rapidly worsening pain",https://medlineplus.gov/search/?query=asthma,https://www.nhs.uk/search/results/?q=asthma,Needs clinical review,"Symptoms are derived from the uploaded training CSV. Guidance is a conservative, source-backed draft and must be reviewed by a licensed healthcare professional before production use."
14,benign_prostatic_hyperplasia_bph,Benign Prostatic Hyperplasia (Bph),Urinary / reproductive / pregnancy,1206,symptoms of prostate (52%); frequent urination (52%); blood in urine (51%); impotence (50%); symptoms of bladder (50%); low urine output (50%); swelling of scrotum (50%); pain in testicles (50%),Supportive self-care may help symptoms,"Maintain hydration when not medically restricted, avoid irritating scented products, wear breathable clothing, and track symptoms. Pregnancy, urinary, pelvic, or persistent vaginal symptoms require professional evaluation rather than home treatment alone.","Do not use leftover prescription medicines, antibiotics, steroids, or herbal products without advice from a licensed clinician or pharmacist.","Arrange medical review if symptoms are severe, persistent, recurrent, worsening, or not improving with reasonable supportive care.","Trouble breathing; chest pain or pressure; fainting; sudden confusion; severe weakness; heavy bleeding; coughing or vomiting blood; seizure; blue, gray, or very pale lips/skin; severe or rapidly worsening pain",https://medlineplus.gov/search/?query=benign+prostatic+hyperplasia+%28bph%29,https://www.nhs.uk/search/results/?q=benign+prostatic+hyperplasia+%28bph%29,Needs clinical review,"Symptoms are derived from the uploaded training CSV. Guidance is a conservative, source-backed draft and must be reviewed by a licensed healthcare professional before production use."
15,brachial_neuritis,Brachial Neuritis,Musculoskeletal / neurologic,824,elbow pain (64%); neck pain (53%); low back pain (52%); paresthesia (52%); back pain (52%); shoulder pain (50%); hand or finger pain (50%); hand or finger weakness (50%),Supportive self-care may help symptoms,"Modify activities that worsen pain. For a recent minor injury, use brief rest, cold packs wrapped in cloth, compression when appropriate, and elevation. For chronic pain, gentle movement and clinician-guided exercises are generally preferred over prolonged bed rest.","Do not use leftover prescription medicines, antibiotics, steroids, or herbal products without advice from a licensed clinician or pharmacist.","Arrange medical review if symptoms are severe, persistent, recurrent, worsening, or not improving with reasonable supportive care.","Trouble breathing; chest pain or pressure; fainting; sudden confusion; severe weakness; heavy bleeding; coughing or vomiting blood; seizure; blue, gray, or very pale lips/skin; severe or rapidly worsening pain",https://medlineplus.gov/search/?query=brachial+neuritis,https://www.nhs.uk/search/results/?q=brachial+neuritis,Needs clinical review,"Symptoms are derived from the uploaded training CSV. Guidance is a conservative, source-backed draft and must be reviewed by a licensed healthcare professional before production use."
16,bursitis,Bursitis,Musculoskeletal / neurologic,1208,elbow swelling (53%); knee pain (52%); hip pain (51%); arm swelling (51%); arm pain (51%); elbow pain (51%); arm stiffness or tightness (51%); knee swelling (50%),Supportive self-care may help symptoms,"Modify activities that worsen pain. For a recent minor injury, use brief rest, cold packs wrapped in cloth, compression when appropriate, and elevation. For chronic pain, gentle movement and clinician-guided exercises are generally preferred over prolonged bed rest.","Do not use leftover prescription medicines, antibiotics, steroids, or herbal products without advice from a licensed clinician or pharmacist.","Arrange medical review if symptoms are severe, persistent, recurrent, worsening, or not improving with reasonable supportive care.","Trouble breathing; chest pain or pressure; fainting; sudden confusion; severe weakness; heavy bleeding; coughing or vomiting blood; seizure; blue, gray, or very pale lips/skin; severe or rapidly worsening pain",https://medlineplus.gov/search/?query=bursitis,https://www.nhs.uk/search/results/?q=bursitis,Needs clinical review,"Symptoms are derived from the uploaded training CSV. Guidance is a conservative, source-backed draft and must be reviewed by a licensed healthcare professional before production use."
17,carpal_tunnel_syndrome,Carpal Tunnel Syndrome,Musculoskeletal / neurologic,819,elbow pain (65%); loss of sensation (53%); wrist swelling (52%); neck pain (52%); wrist pain (52%); paresthesia (52%); arm pain (51%); arm weakness (51%),Supportive self-care may help symptoms,"Modify activities that worsen pain. For a recent minor injury, use brief rest, cold packs wrapped in cloth, compression when appropriate, and elevation. For chronic pain, gentle movement and clinician-guided exercises are generally preferred over prolonged bed rest.","Do not use leftover prescription medicines, antibiotics, steroids, or herbal products without advice from a licensed clinician or pharmacist.","Arrange medical review if symptoms are severe, persistent, recurrent, worsening, or not improving with reasonable supportive care.","Trouble breathing; chest pain or pressure; fainting; sudden confusion; severe weakness; heavy bleeding; coughing or vomiting blood; seizure; blue, gray, or very pale lips/skin; severe or rapidly worsening pain",https://medlineplus.gov/search/?query=carpal+tunnel+syndrome,https://www.nhs.uk/search/results/?q=carpal+tunnel+syndrome,Needs clinical review,"Symptoms are derived from the uploaded training CSV. Guidance is a conservative, source-backed draft and must be reviewed by a licensed healthcare professional before production use."
18,cholecystitis,Cholecystitis,Digestive / hepatobiliary,1204,vomiting (52%); back pain (52%); side pain (52%); sharp abdominal pain (51%); burning abdominal pain (51%); regurgitation.1 (51%); symptoms of the kidneys (51%); lower body pain (50%),Prompt medical evaluation,"Use only supportive measures while arranging prompt professional care: rest, adequate fluids when safe, monitor symptoms, and avoid unprescribed antibiotics or other medicines.","Do not use leftover prescription medicines, antibiotics, steroids, or herbal products without advice from a licensed clinician or pharmacist.","Contact a healthcare professional promptly, ideally the same day, or sooner if symptoms are worsening.","Trouble breathing; chest pain or pressure; fainting; sudden confusion; severe weakness; heavy bleeding; coughing or vomiting blood; seizure; blue, gray, or very pale lips/skin; severe or rapidly worsening pain",https://medlineplus.gov/search/?query=cholecystitis,https://www.nhs.uk/search/results/?q=cholecystitis,Needs clinical review,"Symptoms are derived from the uploaded training CSV. Guidance is a conservative, source-backed draft and must be reviewed by a licensed healthcare professional before production use."
19,chronic_back_pain,Chronic Back Pain,Musculoskeletal / neurologic,805,back cramps or spasms (64%); side pain (53%); low back pain (52%); hip pain (51%); back pain (51%); back stiffness or tightness (51%); lower body pain (51%); neck pain (51%),Supportive self-care may help symptoms,"Modify activities that worsen pain. For a recent minor injury, use brief rest, cold packs wrapped in cloth, compression when appropriate, and elevation. For chronic pain, gentle movement and clinician-guided exercises are generally preferred over prolonged bed rest.","Do not use leftover prescription medicines, antibiotics, steroids, or herbal products without advice from a licensed clinician or pharmacist.","Arrange medical review if symptoms are severe, persistent, recurrent, worsening, or not improving with reasonable supportive care.","Trouble breathing; chest pain or pressure; fainting; sudden confusion; severe weakness; heavy bleeding; coughing or vomiting blood; seizure; blue, gray, or very pale lips/skin; severe or rapidly worsening pain",https://medlineplus.gov/search/?query=chronic+back+pain,https://www.nhs.uk/search/results/?q=chronic+back+pain,Needs clinical review,"Symptoms are derived from the uploaded training CSV. Guidance is a conservative, source-backed draft and must be reviewed by a licensed healthcare professional before production use."
20,chronic_constipation,Chronic Constipation,Digestive / hepatobiliary,827,retention of urine (62%); vomiting (53%); lower abdominal pain (53%); pain of the anus (52%); changes in stool appearance (51%); constipation (51%); blood in stool (51%); rectal bleeding (51%),Supportive self-care may help symptoms,"Drink adequate fluids, use small balanced meals, and avoid foods that clearly worsen symptoms. For constipation, gradually increase fiber and activity when appropriate. Stop self-care and seek medical advice if pain, bleeding, fever, or vomiting occurs.","Do not use leftover prescription medicines, antibiotics, steroids, or herbal products without advice from a licensed clinician or pharmacist.","Arrange medical review if symptoms are severe, persistent, recurrent, worsening, or not improving with reasonable supportive care.","Trouble breathing; chest pain or pressure; fainting; sudden confusion; severe weakness; heavy bleeding; coughing or vomiting blood; seizure; blue, gray, or very pale lips/skin; severe or rapidly worsening pain",https://medlineplus.gov/search/?query=chronic+constipation,https://www.nhs.uk/search/results/?q=chronic+constipation,Needs clinical review,"Symptoms are derived from the uploaded training CSV. Guidance is a conservative, source-backed draft and must be reviewed by a licensed healthcare professional before production use."
21,chronic_obstructive_pulmonary_disease_copd,Chronic Obstructive Pulmonary Disease (Copd),Respiratory / ENT,812,sharp chest pain (66%); coughing up sputum (53%); coryza (53%); cough (53%); nasal congestion (52%); wheezing (51%); fever (50%); congestion in chest (50%),Supportive self-care may help symptoms,"Rest, drink adequate fluids, use clean humidified air, avoid smoke and other triggers, and practice hand hygiene. Warm fluids may soothe throat irritation. Follow an existing clinician-approved asthma or COPD action plan when applicable.","Do not use leftover prescription medicines, antibiotics, steroids, or herbal products without advice from a licensed clinician or pharmacist.","Arrange medical review if symptoms are severe, persistent, recurrent, worsening, or not improving with reasonable supportive care.","Trouble breathing; chest pain or pressure; fainting; sudden confusion; severe weakness; heavy bleeding; coughing or vomiting blood; seizure; blue, gray, or very pale lips/skin; severe or rapidly worsening pain",https://medlineplus.gov/search/?query=chronic+obstructive+pulmonary+disease+%28copd%29,https://www.nhs.uk/search/results/?q=chronic+obstructive+pulmonary+disease+%28copd%29,Needs clinical review,"Symptoms are derived from the uploaded training CSV. Guidance is a conservative, source-backed draft and must be reviewed by a licensed healthcare professional before production use."
22,common_cold,Common Cold,Respiratory / ENT,813,chills (62%); ear pain (54%); headache (53%); cough (52%); fever (52%); flu-like syndrome (51%); vomiting (51%); coryza (51%),Supportive self-care may help symptoms,"Rest, drink adequate fluids, use clean humidified air, avoid smoke and other triggers, and practice hand hygiene. Warm fluids may soothe throat irritation. Follow an existing clinician-approved asthma or COPD action plan when applicable.","Do not use leftover prescription medicines, antibiotics, steroids, or herbal products without advice from a licensed clinician or pharmacist.","Arrange medical review if symptoms are severe, persistent, recurrent, worsening, or not improving with reasonable supportive care.","Trouble breathing; chest pain or pressure; fainting; sudden confusion; severe weakness; heavy bleeding; coughing or vomiting blood; seizure; blue, gray, or very pale lips/skin; severe or rapidly worsening pain",https://medlineplus.gov/search/?query=common+cold,https://www.nhs.uk/search/results/?q=common+cold,Needs clinical review,"Symptoms are derived from the uploaded training CSV. Guidance is a conservative, source-backed draft and must be reviewed by a licensed healthcare professional before production use."
23,complex_regional_pain_syndrome,Complex Regional Pain Syndrome,Musculoskeletal / neurologic,1217,back pain (53%); foot or toe pain (52%); neck pain (52%); arm pain (51%); leg pain (51%); hand or finger pain (50%); paresthesia (50%); low back pain (49%),Supportive self-care may help symptoms,"Modify activities that worsen pain. For a recent minor injury, use brief rest, cold packs wrapped in cloth, compression when appropriate, and elevation. For chronic pain, gentle movement and clinician-guided exercises are generally preferred over prolonged bed rest.","Do not use leftover prescription medicines, antibiotics, steroids, or herbal products without advice from a licensed clinician or pharmacist.","Arrange medical review if symptoms are severe, persistent, recurrent, worsening, or not improving with reasonable supportive care.","Trouble breathing; chest pain or pressure; fainting; sudden confusion; severe weakness; heavy bleeding; coughing or vomiting blood; seizure; blue, gray, or very pale lips/skin; severe or rapidly worsening pain",https://medlineplus.gov/search/?query=complex+regional+pain+syndrome,https://www.nhs.uk/search/results/?q=complex+regional+pain+syndrome,Needs clinical review,"Symptoms are derived from the uploaded training CSV. Guidance is a conservative, source-backed draft and must be reviewed by a licensed healthcare professional before production use."
24,concussion,Concussion,Other clinical condition,1191,nausea (53%); headache (52%); disturbance of memory (51%); double vision (51%); back pain (51%); facial pain (51%); sleepiness (51%); rib pain (50%),Emergency evaluation,"Do not rely on home remedies. Arrange emergency assessment now. Keep the person safe, avoid food or drink if a procedure may be needed, and follow emergency-service instructions.","Do not use leftover prescription medicines, antibiotics, steroids, or herbal products without advice from a licensed clinician or pharmacist.",Seek emergency care immediately; do not wait for symptoms to improve at home.,"Trouble breathing; chest pain or pressure; fainting; sudden confusion; severe weakness; heavy bleeding; coughing or vomiting blood; seizure; blue, gray, or very pale lips/skin; severe or rapidly worsening pain",https://medlineplus.gov/search/?query=concussion,https://www.nhs.uk/search/results/?q=concussion,Needs clinical review,"Symptoms are derived from the uploaded training CSV. Guidance is a conservative, source-backed draft and must be reviewed by a licensed healthcare professional before production use."
25,conjunctivitis,Conjunctivitis,Eye,825,sore throat (62%); pain in eye (53%); coryza (52%); swollen eye (52%); cough (52%); eye redness (52%); itchiness of eye (52%); fever (50%),Supportive self-care may help symptoms,"Use clean hands, avoid rubbing the eyes, do not share towels or cosmetics, and avoid contact lenses until symptoms resolve or a clinician advises otherwise. A clean cool compress may reduce irritation.","Do not use leftover prescription medicines, antibiotics, steroids, or herbal products without advice from a licensed clinician or pharmacist.","Arrange medical review if symptoms are severe, persistent, recurrent, worsening, or not improving with reasonable supportive care.","Trouble breathing; chest pain or pressure; fainting; sudden confusion; severe weakness; heavy bleeding; coughing or vomiting blood; seizure; blue, gray, or very pale lips/skin; severe or rapidly worsening pain",https://medlineplus.gov/search/?query=conjunctivitis,https://www.nhs.uk/search/results/?q=conjunctivitis,Needs clinical review,"Symptoms are derived from the uploaded training CSV. Guidance is a conservative, source-backed draft and must be reviewed by a licensed healthcare professional before production use."
26,conjunctivitis_due_to_allergy,Conjunctivitis Due To Allergy,Eye,1215,eye redness (52%); sneezing (52%); itchiness of eye (52%); nasal congestion (51%); symptoms of eye (51%); lacrimation (51%); pain in eye (51%); swollen eye (50%),Supportive self-care may help symptoms,"Use clean hands, avoid rubbing the eyes, do not share towels or cosmetics, and avoid contact lenses until symptoms resolve or a clinician advises otherwise. A clean cool compress may reduce irritation.","Do not use leftover prescription medicines, antibiotics, steroids, or herbal products without advice from a licensed clinician or pharmacist.","Arrange medical review if symptoms are severe, persistent, recurrent, worsening, or not improving with reasonable supportive care.","Trouble breathing; chest pain or pressure; fainting; sudden confusion; severe weakness; heavy bleeding; coughing or vomiting blood; seizure; blue, gray, or very pale lips/skin; severe or rapidly worsening pain",https://medlineplus.gov/search/?query=conjunctivitis+due+to+allergy,https://www.nhs.uk/search/results/?q=conjunctivitis+due+to+allergy,Needs clinical review,"Symptoms are derived from the uploaded training CSV. Guidance is a conservative, source-backed draft and must be reviewed by a licensed healthcare professional before production use."
27,contact_dermatitis,Contact Dermatitis,Skin / dermatologic,823,"skin moles (64%); allergic reaction (54%); itching of skin (51%); skin irritation (51%); skin dryness, peeling, scaliness, or roughness (50%); skin swelling (50%); abnormal appearing skin (50%); skin lesion (50%)",Supportive self-care may help symptoms,"Keep the area clean and dry, avoid scratching and known irritants, use fragrance-free skin products, and protect affected skin from excessive sun or friction. Do not cut, squeeze, or burn lesions.","Do not use leftover prescription medicines, antibiotics, steroids, or herbal products without advice from a licensed clinician or pharmacist.","Arrange medical review if symptoms are severe, persistent, recurrent, worsening, or not improving with reasonable supportive care.","Trouble breathing; chest pain or pressure; fainting; sudden confusion; severe weakness; heavy bleeding; coughing or vomiting blood; seizure; blue, gray, or very pale lips/skin; severe or rapidly worsening pain",https://medlineplus.gov/search/?query=contact+dermatitis,https://www.nhs.uk/search/results/?q=contact+dermatitis,Needs clinical review,"Symptoms are derived from the uploaded training CSV. Guidance is a conservative, source-backed draft and must be reviewed by a licensed healthcare professional before production use."
28,cornea_infection,Cornea Infection,Eye,816,lip swelling (62%); spots or clouds in vision (54%); diminished vision (52%); eye burns or stings (52%); symptoms of eye (52%); pain in eye (51%); itchiness of eye (51%); eye redness (50%),Prompt medical evaluation,"Use only supportive measures while arranging prompt professional care: rest, adequate fluids when safe, monitor symptoms, and avoid unprescribed antibiotics or other medicines.","Do not use leftover prescription medicines, antibiotics, steroids, or herbal products without advice from a licensed clinician or pharmacist.","Contact a healthcare professional promptly, ideally the same day, or sooner if symptoms are worsening.","Trouble breathing; chest pain or pressure; fainting; sudden confusion; severe weakness; heavy bleeding; coughing or vomiting blood; seizure; blue, gray, or very pale lips/skin; severe or rapidly worsening pain",https://medlineplus.gov/search/?query=cornea+infection,https://www.nhs.uk/search/results/?q=cornea+infection,Needs clinical review,"Symptoms are derived from the uploaded training CSV. Guidance is a conservative, source-backed draft and must be reviewed by a licensed healthcare professional before production use."
29,croup,Croup,Respiratory / ENT,807,nasal congestion (66%); vomiting (55%); cough (53%); abnormal breathing sounds (51%); fever (51%); hoarse voice (51%); pulling at ears (51%); wheezing (50%),Prompt medical evaluation,"Use only supportive measures while arranging prompt professional care: rest, adequate fluids when safe, monitor symptoms, and avoid unprescribed antibiotics or other medicines.","Do not use leftover prescription medicines, antibiotics, steroids, or herbal products without advice from a licensed clinician or pharmacist.","Contact a healthcare professional promptly, ideally the same day, or sooner if symptoms are worsening.","Trouble breathing; chest pain or pressure; fainting; sudden confusion; severe weakness; heavy bleeding; coughing or vomiting blood; seizure; blue, gray, or very pale lips/skin; severe or rapidly worsening pain",https://medlineplus.gov/search/?query=croup,https://www.nhs.uk/search/results/?q=croup,Needs clinical review,"Symptoms are derived from the uploaded training CSV. Guidance is a conservative, source-backed draft and must be reviewed by a licensed healthcare professional before production use."
30,cystitis,Cystitis,Urinary / reproductive / pregnancy,1219,involuntary urination (52%); side pain (52%); symptoms of bladder (52%); frequent urination (51%); suprapubic pain (50%); blood in urine (50%); lower abdominal pain (50%); sharp abdominal pain (50%),Prompt medical evaluation,"Use only supportive measures while arranging prompt professional care: rest, adequate fluids when safe, monitor symptoms, and avoid unprescribed antibiotics or other medicines.","Do not use leftover prescription medicines, antibiotics, steroids, or herbal products without advice from a licensed clinician or pharmacist.","Contact a healthcare professional promptly, ideally the same day, or sooner if symptoms are worsening.","Trouble breathing; chest pain or pressure; fainting; sudden confusion; severe weakness; heavy bleeding; coughing or vomiting blood; seizure; blue, gray, or very pale lips/skin; severe or rapidly worsening pain",https://medlineplus.gov/search/?query=cystitis,https://www.nhs.uk/search/results/?q=cystitis,Needs clinical review,"Symptoms are derived from the uploaded training CSV. Guidance is a conservative, source-backed draft and must be reviewed by a licensed healthcare professional before production use."
31,degenerative_disc_disease,Degenerative Disc Disease,Musculoskeletal / neurologic,810,shoulder pain (64%); neck pain (53%); low back pain (52%); joint pain (51%); lower body pain (51%); loss of sensation (51%); hip pain (50%); paresthesia (50%),Supportive self-care may help symptoms,"Modify activities that worsen pain. For a recent minor injury, use brief rest, cold packs wrapped in cloth, compression when appropriate, and elevation. For chronic pain, gentle movement and clinician-guided exercises are generally preferred over prolonged bed rest.","Do not use leftover prescription medicines, antibiotics, steroids, or herbal products without advice from a licensed clinician or pharmacist.","Arrange medical review if symptoms are severe, persistent, recurrent, worsening, or not improving with reasonable supportive care.","Trouble breathing; chest pain or pressure; fainting; sudden confusion; severe weakness; heavy bleeding; coughing or vomiting blood; seizure; blue, gray, or very pale lips/skin; severe or rapidly worsening pain",https://medlineplus.gov/search/?query=degenerative+disc+disease,https://www.nhs.uk/search/results/?q=degenerative+disc+disease,Needs clinical review,"Symptoms are derived from the uploaded training CSV. Guidance is a conservative, source-backed draft and must be reviewed by a licensed healthcare professional before production use."
32,dental_caries,Dental Caries,Dental / oral,1185,facial pain (52%); peripheral edema (52%); restlessness (52%); gum pain (52%); mouth pain (51%); ear pain (51%); toothache (51%); pain in gums (51%),Supportive self-care may help symptoms,"Brush gently with fluoride toothpaste, floss when tolerable, rinse with clean water after meals, limit sugary foods and drinks, and arrange dental evaluation. Home care cannot repair tooth decay.","Do not use leftover prescription medicines, antibiotics, steroids, or herbal products without advice from a licensed clinician or pharmacist.","Arrange medical review if symptoms are severe, persistent, recurrent, worsening, or not improving with reasonable supportive care.","Trouble breathing; chest pain or pressure; fainting; sudden confusion; severe weakness; heavy bleeding; coughing or vomiting blood; seizure; blue, gray, or very pale lips/skin; severe or rapidly worsening pain",https://medlineplus.gov/search/?query=dental+caries,https://www.nhs.uk/search/results/?q=dental+caries,Needs clinical review,"Symptoms are derived from the uploaded training CSV. Guidance is a conservative, source-backed draft and must be reviewed by a licensed healthcare professional before production use."
33,depression,Depression,Mental and behavioral health,830,disturbance of memory (62%); abusing alcohol (52%); temper problems (52%); drug abuse (52%); hostile behavior (52%); delusions or hallucinations (51%); depression (51%); insomnia (51%),Clinician-guided support,"Maintain regular sleep, meals, gentle activity, and social support. Use calming or grounding techniques when helpful and arrange assessment with a qualified mental-health professional. Avoid alcohol or recreational drugs.","Do not use leftover prescription medicines, antibiotics, steroids, or herbal products without advice from a licensed clinician or pharmacist.","Seek professional help when symptoms disrupt daily life, persist, worsen, involve hallucinations, or create safety concerns.","Trouble breathing; chest pain or pressure; fainting; sudden confusion; severe weakness; heavy bleeding; coughing or vomiting blood; seizure; blue, gray, or very pale lips/skin; severe or rapidly worsening pain",https://medlineplus.gov/search/?query=depression,https://www.nhs.uk/search/results/?q=depression,Needs clinical review,"Symptoms are derived from the uploaded training CSV. Guidance is a conservative, source-backed draft and must be reviewed by a licensed healthcare professional before production use."
34,developmental_disability,Developmental Disability,Developmental,825,restlessness (65%); obsessions and compulsions (52%); hostile behavior (51%); temper problems (51%); fears and phobias (51%); delusions or hallucinations (51%); seizures (51%); difficulty speaking (50%),Professional assessment and support,"Use structured routines and supportive communication, and work with qualified developmental, education, and healthcare professionals. There is no single home remedy.","Do not use leftover prescription medicines, antibiotics, steroids, or herbal products without advice from a licensed clinician or pharmacist.","Arrange medical review if symptoms are severe, persistent, recurrent, worsening, or not improving with reasonable supportive care.","Trouble breathing; chest pain or pressure; fainting; sudden confusion; severe weakness; heavy bleeding; coughing or vomiting blood; seizure; blue, gray, or very pale lips/skin; severe or rapidly worsening pain",https://medlineplus.gov/search/?query=developmental+disability,https://www.nhs.uk/search/results/?q=developmental+disability,Needs clinical review,"Symptoms are derived from the uploaded training CSV. Guidance is a conservative, source-backed draft and must be reviewed by a licensed healthcare professional before production use."
35,diaper_rash,Diaper Rash,Skin / dermatologic,809,temper problems (64%); skin rash (54%); diaper rash (53%); nasal congestion (52%); diarrhea (52%); fever (52%); pulling at ears (51%); vomiting (51%),Supportive self-care may help symptoms,"Keep the area clean and dry, avoid scratching and known irritants, use fragrance-free skin products, and protect affected skin from excessive sun or friction. Do not cut, squeeze, or burn lesions.","Do not use leftover prescription medicines, antibiotics, steroids, or herbal products without advice from a licensed clinician or pharmacist.","Arrange medical review if symptoms are severe, persistent, recurrent, worsening, or not improving with reasonable supportive care.","Trouble breathing; chest pain or pressure; fainting; sudden confusion; severe weakness; heavy bleeding; coughing or vomiting blood; seizure; blue, gray, or very pale lips/skin; severe or rapidly worsening pain",https://medlineplus.gov/search/?query=diaper+rash,https://www.nhs.uk/search/results/?q=diaper+rash,Needs clinical review,"Symptoms are derived from the uploaded training CSV. Guidance is a conservative, source-backed draft and must be reviewed by a licensed healthcare professional before production use."
36,diverticulitis,Diverticulitis,Digestive / hepatobiliary,1214,constipation (53%); sharp abdominal pain (52%); lower abdominal pain (51%); diarrhea (51%); nausea (51%); vomiting (50%); chills (50%); side pain (50%),Prompt medical evaluation,"Use only supportive measures while arranging prompt professional care: rest, adequate fluids when safe, monitor symptoms, and avoid unprescribed antibiotics or other medicines.","Do not use leftover prescription medicines, antibiotics, steroids, or herbal products without advice from a licensed clinician or pharmacist.","Contact a healthcare professional promptly, ideally the same day, or sooner if symptoms are worsening.","Trouble breathing; chest pain or pressure; fainting; sudden confusion; severe weakness; heavy bleeding; coughing or vomiting blood; seizure; blue, gray, or very pale lips/skin; severe or rapidly worsening pain",https://medlineplus.gov/search/?query=diverticulitis,https://www.nhs.uk/search/results/?q=diverticulitis,Needs clinical review,"Symptoms are derived from the uploaded training CSV. Guidance is a conservative, source-backed draft and must be reviewed by a licensed healthcare professional before production use."
37,drug_reaction,Drug Reaction,Other clinical condition,811,nausea (65%); allergic reaction (53%); skin rash (53%); peripheral edema (52%); headache (51%); vomiting (51%); abnormal appearing skin (51%); dizziness (50%),Prompt medical evaluation,"Use only supportive measures while arranging prompt professional care: rest, adequate fluids when safe, monitor symptoms, and avoid unprescribed antibiotics or other medicines.","Do not use leftover prescription medicines, antibiotics, steroids, or herbal products without advice from a licensed clinician or pharmacist.","Contact a healthcare professional promptly, ideally the same day, or sooner if symptoms are worsening.","Trouble breathing; chest pain or pressure; fainting; sudden confusion; severe weakness; heavy bleeding; coughing or vomiting blood; seizure; blue, gray, or very pale lips/skin; severe or rapidly worsening pain",https://medlineplus.gov/search/?query=drug+reaction,https://www.nhs.uk/search/results/?q=drug+reaction,Needs clinical review,"Symptoms are derived from the uploaded training CSV. Guidance is a conservative, source-backed draft and must be reviewed by a licensed healthcare professional before production use."
38,ear_drum_damage,Ear Drum Damage,Other clinical condition,819,pus draining from ear (64%); ringing in ear (53%); pulling at ears (53%); redness in ear (52%); ear pain (51%); plugged feeling in ear (51%); cough (50%); fluid in ear (49%),Prompt medical evaluation,"Use only supportive measures while arranging prompt professional care: rest, adequate fluids when safe, monitor symptoms, and avoid unprescribed antibiotics or other medicines.","Do not use leftover prescription medicines, antibiotics, steroids, or herbal products without advice from a licensed clinician or pharmacist.","Contact a healthcare professional promptly, ideally the same day, or sooner if symptoms are worsening.","Trouble breathing; chest pain or pressure; fainting; sudden confusion; severe weakness; heavy bleeding; coughing or vomiting blood; seizure; blue, gray, or very pale lips/skin; severe or rapidly worsening pain",https://medlineplus.gov/search/?query=ear+drum+damage,https://www.nhs.uk/search/results/?q=ear+drum+damage,Needs clinical review,"Symptoms are derived from the uploaded training CSV. Guidance is a conservative, source-backed draft and must be reviewed by a licensed healthcare professional before production use."
39,eczema,Eczema,Skin / dermatologic,1207,itching of skin (52%); skin lesion (51%); acne or pimples (51%); skin swelling (51%); skin rash (51%); warts (51%); irregular appearing scalp (50%); skin irritation (50%),Supportive self-care may help symptoms,"Keep the area clean and dry, avoid scratching and known irritants, use fragrance-free skin products, and protect affected skin from excessive sun or friction. Do not cut, squeeze, or burn lesions.","Do not use leftover prescription medicines, antibiotics, steroids, or herbal products without advice from a licensed clinician or pharmacist.","Arrange medical review if symptoms are severe, persistent, recurrent, worsening, or not improving with reasonable supportive care.","Trouble breathing; chest pain or pressure; fainting; sudden confusion; severe weakness; heavy bleeding; coughing or vomiting blood; seizure; blue, gray, or very pale lips/skin; severe or rapidly worsening pain",https://medlineplus.gov/search/?query=eczema,https://www.nhs.uk/search/results/?q=eczema,Needs clinical review,"Symptoms are derived from the uploaded training CSV. Guidance is a conservative, source-backed draft and must be reviewed by a licensed healthcare professional before production use."
40,esophagitis,Esophagitis,Digestive / hepatobiliary,1215,difficulty in swallowing (53%); upper abdominal pain (52%); vomiting (52%); sore throat (51%); cough (50%); nausea (50%); sharp chest pain (50%); chest tightness (50%),Supportive self-care may help symptoms,"Drink adequate fluids, use small balanced meals, and avoid foods that clearly worsen symptoms. For constipation, gradually increase fiber and activity when appropriate. Stop self-care and seek medical advice if pain, bleeding, fever, or vomiting occurs.","Do not use leftover prescription medicines, antibiotics, steroids, or herbal products without advice from a licensed clinician or pharmacist.","Arrange medical review if symptoms are severe, persistent, recurrent, worsening, or not improving with reasonable supportive care.","Trouble breathing; chest pain or pressure; fainting; sudden confusion; severe weakness; heavy bleeding; coughing or vomiting blood; seizure; blue, gray, or very pale lips/skin; severe or rapidly worsening pain",https://medlineplus.gov/search/?query=esophagitis,https://www.nhs.uk/search/results/?q=esophagitis,Needs clinical review,"Symptoms are derived from the uploaded training CSV. Guidance is a conservative, source-backed draft and must be reviewed by a licensed healthcare professional before production use."
41,eustachian_tube_dysfunction_ear_disorder,Eustachian Tube Dysfunction (Ear Disorder),Respiratory / ENT,810,sore throat (62%); abnormal breathing sounds (53%); ringing in ear (53%); ear pain (52%); allergic reaction (50%); diminished hearing (50%); swollen or red tonsils (50%); dizziness (50%),Supportive self-care may help symptoms,"Rest, drink adequate fluids, use clean humidified air, avoid smoke and other triggers, and practice hand hygiene. Warm fluids may soothe throat irritation. Follow an existing clinician-approved asthma or COPD action plan when applicable.","Do not use leftover prescription medicines, antibiotics, steroids, or herbal products without advice from a licensed clinician or pharmacist.","Arrange medical review if symptoms are severe, persistent, recurrent, worsening, or not improving with reasonable supportive care.","Trouble breathing; chest pain or pressure; fainting; sudden confusion; severe weakness; heavy bleeding; coughing or vomiting blood; seizure; blue, gray, or very pale lips/skin; severe or rapidly worsening pain",https://medlineplus.gov/search/?query=eustachian+tube+dysfunction+%28ear+disorder%29,https://www.nhs.uk/search/results/?q=eustachian+tube+dysfunction+%28ear+disorder%29,Needs clinical review,"Symptoms are derived from the uploaded training CSV. Guidance is a conservative, source-backed draft and must be reviewed by a licensed healthcare professional before production use."
42,fungal_infection_of_the_hair,Fungal Infection Of The Hair,Skin / dermatologic,1212,skin growth (52%); skin rash (51%); pelvic pain (51%); irregular appearing scalp (51%); skin lesion (51%); acne or pimples (50%); itching of skin (50%); itchy scalp (50%),Supportive self-care may help symptoms,"Keep the area clean and dry, avoid scratching and known irritants, use fragrance-free skin products, and protect affected skin from excessive sun or friction. Do not cut, squeeze, or burn lesions.","Do not use leftover prescription medicines, antibiotics, steroids, or herbal products without advice from a licensed clinician or pharmacist.","Arrange medical review if symptoms are severe, persistent, recurrent, worsening, or not improving with reasonable supportive care.","Trouble breathing; chest pain or pressure; fainting; sudden confusion; severe weakness; heavy bleeding; coughing or vomiting blood; seizure; blue, gray, or very pale lips/skin; severe or rapidly worsening pain",https://medlineplus.gov/search/?query=fungal+infection+of+the+hair,https://www.nhs.uk/search/results/?q=fungal+infection+of+the+hair,Needs clinical review,"Symptoms are derived from the uploaded training CSV. Guidance is a conservative, source-backed draft and must be reviewed by a licensed healthcare professional before production use."
43,gallstone,Gallstone,Digestive / hepatobiliary,812,regurgitation.1 (63%); back pain (53%); burning abdominal pain (52%); upper abdominal pain (52%); lower body pain (51%); nausea (51%); side pain (51%); heartburn (51%),Prompt medical evaluation,"Use only supportive measures while arranging prompt professional care: rest, adequate fluids when safe, monitor symptoms, and avoid unprescribed antibiotics or other medicines.","Do not use leftover prescription medicines, antibiotics, steroids, or herbal products without advice from a licensed clinician or pharmacist.","Contact a healthcare professional promptly, ideally the same day, or sooner if symptoms are worsening.","Trouble breathing; chest pain or pressure; fainting; sudden confusion; severe weakness; heavy bleeding; coughing or vomiting blood; seizure; blue, gray, or very pale lips/skin; severe or rapidly worsening pain",https://medlineplus.gov/search/?query=gallstone,https://www.nhs.uk/search/results/?q=gallstone,Needs clinical review,"Symptoms are derived from the uploaded training CSV. Guidance is a conservative, source-backed draft and must be reviewed by a licensed healthcare professional before production use."
44,gastrointestinal_hemorrhage,Gastrointestinal Hemorrhage,Digestive / hepatobiliary,1214,blood in stool (52%); rectal bleeding (51%); nausea (51%); sharp abdominal pain (51%); vomiting (51%); vomiting blood (50%); fainting (50%); changes in stool appearance (49%),Emergency evaluation,"Do not rely on home remedies. Arrange emergency assessment now. Keep the person safe, avoid food or drink if a procedure may be needed, and follow emergency-service instructions.","Do not use leftover prescription medicines, antibiotics, steroids, or herbal products without advice from a licensed clinician or pharmacist. Avoid aspirin or anti-inflammatory medicines unless specifically instructed.",Seek emergency care immediately; do not wait for symptoms to improve at home.,"Trouble breathing; chest pain or pressure; fainting; sudden confusion; severe weakness; heavy bleeding; coughing or vomiting blood; seizure; blue, gray, or very pale lips/skin; severe or rapidly worsening pain",https://medlineplus.gov/search/?query=gastrointestinal+hemorrhage,https://www.nhs.uk/search/results/?q=gastrointestinal+hemorrhage,Needs clinical review,"Symptoms are derived from the uploaded training CSV. Guidance is a conservative, source-backed draft and must be reviewed by a licensed healthcare professional before production use."
45,gout,Gout,Musculoskeletal / neurologic,1211,knee pain (53%); foot or toe pain (52%); knee swelling (52%); foot or toe swelling (52%); ankle pain (51%); wrist swelling (51%); ankle swelling (51%); hand or finger swelling (50%),Supportive self-care may help symptoms,"Modify activities that worsen pain. For a recent minor injury, use brief rest, cold packs wrapped in cloth, compression when appropriate, and elevation. For chronic pain, gentle movement and clinician-guided exercises are generally preferred over prolonged bed rest.","Do not use leftover prescription medicines, antibiotics, steroids, or herbal products without advice from a licensed clinician or pharmacist.","Arrange medical review if symptoms are severe, persistent, recurrent, worsening, or not improving with reasonable supportive care.","Trouble breathing; chest pain or pressure; fainting; sudden confusion; severe weakness; heavy bleeding; coughing or vomiting blood; seizure; blue, gray, or very pale lips/skin; severe or rapidly worsening pain",https://medlineplus.gov/search/?query=gout,https://www.nhs.uk/search/results/?q=gout,Needs clinical review,"Symptoms are derived from the uploaded training CSV. Guidance is a conservative, source-backed draft and must be reviewed by a licensed healthcare professional before production use."
46,gum_disease,Gum Disease,Dental / oral,803,mouth ulcer (66%); toothache (53%); ear pain (52%); gum pain (52%); facial pain (51%); jaw swelling (51%); peripheral edema (51%); bleeding gums (50%),Supportive self-care may help symptoms,"Brush gently with fluoride toothpaste, floss when tolerable, rinse with clean water after meals, limit sugary foods and drinks, and arrange dental evaluation. Home care cannot repair tooth decay.","Do not use leftover prescription medicines, antibiotics, steroids, or herbal products without advice from a licensed clinician or pharmacist.","Arrange medical review if symptoms are severe, persistent, recurrent, worsening, or not improving with reasonable supportive care.","Trouble breathing; chest pain or pressure; fainting; sudden confusion; severe weakness; heavy bleeding; coughing or vomiting blood; seizure; blue, gray, or very pale lips/skin; severe or rapidly worsening pain",https://medlineplus.gov/search/?query=gum+disease,https://www.nhs.uk/search/results/?q=gum+disease,Needs clinical review,"Symptoms are derived from the uploaded training CSV. Guidance is a conservative, source-backed draft and must be reviewed by a licensed healthcare professional before production use."
47,heart_attack,Heart Attack,Cardiovascular,810,heartburn (61%); fainting (54%); nausea (53%); increased heart rate (52%); burning chest pain (51%); sweating (50%); arm pain (50%); sharp chest pain (49%),Emergency evaluation,"Do not rely on home remedies. Arrange emergency assessment now. Keep the person safe, avoid food or drink if a procedure may be needed, and follow emergency-service instructions.","Do not use leftover prescription medicines, antibiotics, steroids, or herbal products without advice from a licensed clinician or pharmacist.",Seek emergency care immediately; do not wait for symptoms to improve at home.,"Trouble breathing; chest pain or pressure; fainting; sudden confusion; severe weakness; heavy bleeding; coughing or vomiting blood; seizure; blue, gray, or very pale lips/skin; severe or rapidly worsening pain",https://medlineplus.gov/search/?query=heart+attack,https://www.nhs.uk/search/results/?q=heart+attack,Needs clinical review,"Symptoms are derived from the uploaded training CSV. Guidance is a conservative, source-backed draft and must be reviewed by a licensed healthcare professional before production use."
48,heart_failure,Heart Failure,Cardiovascular,813,cough (65%); palpitations (52%); difficulty breathing (51%); sharp chest pain (51%); hurts to breath (51%); leg swelling (51%); fluid retention (50%); weight gain (50%),Prompt medical evaluation,"Use only supportive measures while arranging prompt professional care: rest, adequate fluids when safe, monitor symptoms, and avoid unprescribed antibiotics or other medicines.","Do not use leftover prescription medicines, antibiotics, steroids, or herbal products without advice from a licensed clinician or pharmacist. Do not force fluids or change salt intake without professional advice.","Contact a healthcare professional promptly, ideally the same day, or sooner if symptoms are worsening.","Trouble breathing; chest pain or pressure; fainting; sudden confusion; severe weakness; heavy bleeding; coughing or vomiting blood; seizure; blue, gray, or very pale lips/skin; severe or rapidly worsening pain",https://medlineplus.gov/search/?query=heart+failure,https://www.nhs.uk/search/results/?q=heart+failure,Needs clinical review,"Symptoms are derived from the uploaded training CSV. Guidance is a conservative, source-backed draft and must be reviewed by a licensed healthcare professional before production use."
49,hemorrhoids,Hemorrhoids,Digestive / hepatobiliary,818,heartburn (65%); lower body pain (52%); rectal bleeding (52%); constipation (51%); changes in stool appearance (51%); itching of the anus (50%); mass or swelling around the anus (50%); pain of the anus (50%),Supportive self-care may help symptoms,"Drink adequate fluids, use small balanced meals, and avoid foods that clearly worsen symptoms. For constipation, gradually increase fiber and activity when appropriate. Stop self-care and seek medical advice if pain, bleeding, fever, or vomiting occurs.","Do not use leftover prescription medicines, antibiotics, steroids, or herbal products without advice from a licensed clinician or pharmacist.","Arrange medical review if symptoms are severe, persistent, recurrent, worsening, or not improving with reasonable supportive care.","Trouble breathing; chest pain or pressure; fainting; sudden confusion; severe weakness; heavy bleeding; coughing or vomiting blood; seizure; blue, gray, or very pale lips/skin; severe or rapidly worsening pain",https://medlineplus.gov/search/?query=hemorrhoids,https://www.nhs.uk/search/results/?q=hemorrhoids,Needs clinical review,"Symptoms are derived from the uploaded training CSV. Guidance is a conservative, source-backed draft and must be reviewed by a licensed healthcare professional before production use."
50,herniated_disk,Herniated Disk,Musculoskeletal / neurologic,828,arm pain (62%); low back pain (52%); paresthesia (52%); back pain (52%); neck pain (51%); hip pain (50%); leg pain (50%); shoulder pain (50%),Supportive self-care may help symptoms,"Modify activities that worsen pain. For a recent minor injury, use brief rest, cold packs wrapped in cloth, compression when appropriate, and elevation. For chronic pain, gentle movement and clinician-guided exercises are generally preferred over prolonged bed rest.","Do not use leftover prescription medicines, antibiotics, steroids, or herbal products without advice from a licensed clinician or pharmacist.","Arrange medical review if symptoms are severe, persistent, recurrent, worsening, or not improving with reasonable supportive care.","Trouble breathing; chest pain or pressure; fainting; sudden confusion; severe weakness; heavy bleeding; coughing or vomiting blood; seizure; blue, gray, or very pale lips/skin; severe or rapidly worsening pain",https://medlineplus.gov/search/?query=herniated+disk,https://www.nhs.uk/search/results/?q=herniated+disk,Needs clinical review,"Symptoms are derived from the uploaded training CSV. Guidance is a conservative, source-backed draft and must be reviewed by a licensed healthcare professional before production use."
51,hiatal_hernia,Hiatal Hernia,Digestive / hepatobiliary,815,difficulty in swallowing (64%); sharp abdominal pain (53%); upper abdominal pain (53%); nausea (53%); back pain (51%); dizziness (51%); burning abdominal pain (51%); heartburn (51%),Supportive self-care may help symptoms,"Drink adequate fluids, use small balanced meals, and avoid foods that clearly worsen symptoms. For constipation, gradually increase fiber and activity when appropriate. Stop self-care and seek medical advice if pain, bleeding, fever, or vomiting occurs.","Do not use leftover prescription medicines, antibiotics, steroids, or herbal products without advice from a licensed clinician or pharmacist.","Arrange medical review if symptoms are severe, persistent, recurrent, worsening, or not improving with reasonable supportive care.","Trouble breathing; chest pain or pressure; fainting; sudden confusion; severe weakness; heavy bleeding; coughing or vomiting blood; seizure; blue, gray, or very pale lips/skin; severe or rapidly worsening pain",https://medlineplus.gov/search/?query=hiatal+hernia,https://www.nhs.uk/search/results/?q=hiatal+hernia,Needs clinical review,"Symptoms are derived from the uploaded training CSV. Guidance is a conservative, source-backed draft and must be reviewed by a licensed healthcare professional before production use."
52,hyperemesis_gravidarum,Hyperemesis Gravidarum,Urinary / reproductive / pregnancy,815,vomiting blood (63%); burning abdominal pain (53%); pain during pregnancy (53%); nausea (52%); weakness (51%); headache (50%); diarrhea (50%); sharp abdominal pain (50%),Emergency evaluation,"Do not rely on home remedies. Arrange emergency assessment now. Keep the person safe, avoid food or drink if a procedure may be needed, and follow emergency-service instructions.","Do not use leftover prescription medicines, antibiotics, steroids, or herbal products without advice from a licensed clinician or pharmacist.",Seek emergency care immediately; do not wait for symptoms to improve at home.,"Trouble breathing; chest pain or pressure; fainting; sudden confusion; severe weakness; heavy bleeding; coughing or vomiting blood; seizure; blue, gray, or very pale lips/skin; severe or rapidly worsening pain",https://medlineplus.gov/search/?query=hyperemesis+gravidarum,https://www.nhs.uk/search/results/?q=hyperemesis+gravidarum,Needs clinical review,"Symptoms are derived from the uploaded training CSV. Guidance is a conservative, source-backed draft and must be reviewed by a licensed healthcare professional before production use."
53,hypertensive_heart_disease,Hypertensive Heart Disease,Cardiovascular,804,leg swelling (65%); palpitations (54%); fatigue (52%); difficulty breathing (52%); chest tightness (51%); sharp chest pain (51%); recent pregnancy (50%); heartburn (49%),Prompt medical evaluation,"Use only supportive measures while arranging prompt professional care: rest, adequate fluids when safe, monitor symptoms, and avoid unprescribed antibiotics or other medicines.","Do not use leftover prescription medicines, antibiotics, steroids, or herbal products without advice from a licensed clinician or pharmacist.","Contact a healthcare professional promptly, ideally the same day, or sooner if symptoms are worsening.","Trouble breathing; chest pain or pressure; fainting; sudden confusion; severe weakness; heavy bleeding; coughing or vomiting blood; seizure; blue, gray, or very pale lips/skin; severe or rapidly worsening pain",https://medlineplus.gov/search/?query=hypertensive+heart+disease,https://www.nhs.uk/search/results/?q=hypertensive+heart+disease,Needs clinical review,"Symptoms are derived from the uploaded training CSV. Guidance is a conservative, source-backed draft and must be reviewed by a licensed healthcare professional before production use."
54,hypoglycemia,Hypoglycemia,Systemic / metabolic,1215,feeling ill (51%); nausea (51%); seizures (51%); fainting (51%); sweating (51%); abnormal involuntary movements (50%); sleepiness (50%); dizziness (50%),Prompt medical evaluation,"Use only supportive measures while arranging prompt professional care: rest, adequate fluids when safe, monitor symptoms, and avoid unprescribed antibiotics or other medicines.","Do not use leftover prescription medicines, antibiotics, steroids, or herbal products without advice from a licensed clinician or pharmacist. A person who is unconscious or unable to swallow must not be given food or drink.","Contact a healthcare professional promptly, ideally the same day, or sooner if symptoms are worsening.","Trouble breathing; chest pain or pressure; fainting; sudden confusion; severe weakness; heavy bleeding; coughing or vomiting blood; seizure; blue, gray, or very pale lips/skin; severe or rapidly worsening pain",https://medlineplus.gov/search/?query=hypoglycemia,https://www.nhs.uk/search/results/?q=hypoglycemia,Needs clinical review,"Symptoms are derived from the uploaded training CSV. Guidance is a conservative, source-backed draft and must be reviewed by a licensed healthcare professional before production use."
55,idiopathic_excessive_menstruation,Idiopathic Excessive Menstruation,Urinary / reproductive / pregnancy,832,sharp abdominal pain (63%); frequent menstruation (53%); cramps and spasms (53%); painful menstruation (53%); unpredictable menstruation (53%); blood clots during menstrual periods (51%); long menstrual periods (51%); heavy menstrual flow (50%),Supportive self-care may help symptoms,"Maintain hydration when not medically restricted, avoid irritating scented products, wear breathable clothing, and track symptoms. Pregnancy, urinary, pelvic, or persistent vaginal symptoms require professional evaluation rather than home treatment alone.","Do not use leftover prescription medicines, antibiotics, steroids, or herbal products without advice from a licensed clinician or pharmacist.","Arrange medical review if symptoms are severe, persistent, recurrent, worsening, or not improving with reasonable supportive care.","Trouble breathing; chest pain or pressure; fainting; sudden confusion; severe weakness; heavy bleeding; coughing or vomiting blood; seizure; blue, gray, or very pale lips/skin; severe or rapidly worsening pain",https://medlineplus.gov/search/?query=idiopathic+excessive+menstruation,https://www.nhs.uk/search/results/?q=idiopathic+excessive+menstruation,Needs clinical review,"Symptoms are derived from the uploaded training CSV. Guidance is a conservative, source-backed draft and must be reviewed by a licensed healthcare professional before production use."
56,idiopathic_irregular_menstrual_cycle,Idiopathic Irregular Menstrual Cycle,Urinary / reproductive / pregnancy,815,cramps and spasms (64%); long menstrual periods (52%); heavy menstrual flow (51%); pelvic pain (51%); unpredictable menstruation (51%); painful menstruation (50%); sharp abdominal pain (50%); frequent menstruation (50%),Supportive self-care may help symptoms,"Maintain hydration when not medically restricted, avoid irritating scented products, wear breathable clothing, and track symptoms. Pregnancy, urinary, pelvic, or persistent vaginal symptoms require professional evaluation rather than home treatment alone.","Do not use leftover prescription medicines, antibiotics, steroids, or herbal products without advice from a licensed clinician or pharmacist.","Arrange medical review if symptoms are severe, persistent, recurrent, worsening, or not improving with reasonable supportive care.","Trouble breathing; chest pain or pressure; fainting; sudden confusion; severe weakness; heavy bleeding; coughing or vomiting blood; seizure; blue, gray, or very pale lips/skin; severe or rapidly worsening pain",https://medlineplus.gov/search/?query=idiopathic+irregular+menstrual+cycle,https://www.nhs.uk/search/results/?q=idiopathic+irregular+menstrual+cycle,Needs clinical review,"Symptoms are derived from the uploaded training CSV. Guidance is a conservative, source-backed draft and must be reviewed by a licensed healthcare professional before production use."
57,idiopathic_painful_menstruation,Idiopathic Painful Menstruation,Urinary / reproductive / pregnancy,805,vaginal discharge (62%); pelvic pain (53%); cramps and spasms (52%); heavy menstrual flow (52%); vaginal itching (51%); long menstrual periods (51%); blood clots during menstrual periods (50%); painful menstruation (50%),Supportive self-care may help symptoms,"Maintain hydration when not medically restricted, avoid irritating scented products, wear breathable clothing, and track symptoms. Pregnancy, urinary, pelvic, or persistent vaginal symptoms require professional evaluation rather than home treatment alone.","Do not use leftover prescription medicines, antibiotics, steroids, or herbal products without advice from a licensed clinician or pharmacist.","Arrange medical review if symptoms are severe, persistent, recurrent, worsening, or not improving with reasonable supportive care.","Trouble breathing; chest pain or pressure; fainting; sudden confusion; severe weakness; heavy bleeding; coughing or vomiting blood; seizure; blue, gray, or very pale lips/skin; severe or rapidly worsening pain",https://medlineplus.gov/search/?query=idiopathic+painful+menstruation,https://www.nhs.uk/search/results/?q=idiopathic+painful+menstruation,Needs clinical review,"Symptoms are derived from the uploaded training CSV. Guidance is a conservative, source-backed draft and must be reviewed by a licensed healthcare professional before production use."
58,infectious_gastroenteritis,Infectious Gastroenteritis,Digestive / hepatobiliary,1212,nausea (52%); decreased appetite (52%); diarrhea (51%); headache (51%); chills (50%); vomiting (50%); burning abdominal pain (50%); fever (50%),Prompt medical evaluation,"Use only supportive measures while arranging prompt professional care: rest, adequate fluids when safe, monitor symptoms, and avoid unprescribed antibiotics or other medicines.","Do not use leftover prescription medicines, antibiotics, steroids, or herbal products without advice from a licensed clinician or pharmacist.","Contact a healthcare professional promptly, ideally the same day, or sooner if symptoms are worsening.","Trouble breathing; chest pain or pressure; fainting; sudden confusion; severe weakness; heavy bleeding; coughing or vomiting blood; seizure; blue, gray, or very pale lips/skin; severe or rapidly worsening pain",https://medlineplus.gov/search/?query=infectious+gastroenteritis,https://www.nhs.uk/search/results/?q=infectious+gastroenteritis,Needs clinical review,"Symptoms are derived from the uploaded training CSV. Guidance is a conservative, source-backed draft and must be reviewed by a licensed healthcare professional before production use."
59,injury_to_the_arm,Injury To The Arm,Musculoskeletal / neurologic,1209,wrist swelling (52%); loss of sensation (51%); elbow swelling (51%); arm stiffness or tightness (50%); elbow pain (50%); joint pain (50%); arm pain (50%); bones are painful (50%),Supportive self-care may help symptoms,"Modify activities that worsen pain. For a recent minor injury, use brief rest, cold packs wrapped in cloth, compression when appropriate, and elevation. For chronic pain, gentle movement and clinician-guided exercises are generally preferred over prolonged bed rest.","Do not use leftover prescription medicines, antibiotics, steroids, or herbal products without advice from a licensed clinician or pharmacist.","Arrange medical review if symptoms are severe, persistent, recurrent, worsening, or not improving with reasonable supportive care.","Trouble breathing; chest pain or pressure; fainting; sudden confusion; severe weakness; heavy bleeding; coughing or vomiting blood; seizure; blue, gray, or very pale lips/skin; severe or rapidly worsening pain",https://medlineplus.gov/search/?query=injury+to+the+arm,https://www.nhs.uk/search/results/?q=injury+to+the+arm,Needs clinical review,"Symptoms are derived from the uploaded training CSV. Guidance is a conservative, source-backed draft and must be reviewed by a licensed healthcare professional before production use."
60,injury_to_the_leg,Injury To The Leg,Musculoskeletal / neurologic,1206,leg swelling (52%); problems with movement (52%); knee swelling (52%); knee pain (51%); ankle swelling (51%); foot or toe pain (51%); foot or toe swelling (51%); ankle pain (50%),Supportive self-care may help symptoms,"Modify activities that worsen pain. For a recent minor injury, use brief rest, cold packs wrapped in cloth, compression when appropriate, and elevation. For chronic pain, gentle movement and clinician-guided exercises are generally preferred over prolonged bed rest.","Do not use leftover prescription medicines, antibiotics, steroids, or herbal products without advice from a licensed clinician or pharmacist.","Arrange medical review if symptoms are severe, persistent, recurrent, worsening, or not improving with reasonable supportive care.","Trouble breathing; chest pain or pressure; fainting; sudden confusion; severe weakness; heavy bleeding; coughing or vomiting blood; seizure; blue, gray, or very pale lips/skin; severe or rapidly worsening pain",https://medlineplus.gov/search/?query=injury+to+the+leg,https://www.nhs.uk/search/results/?q=injury+to+the+leg,Needs clinical review,"Symptoms are derived from the uploaded training CSV. Guidance is a conservative, source-backed draft and must be reviewed by a licensed healthcare professional before production use."
61,injury_to_the_trunk,Injury To The Trunk,Musculoskeletal / neurologic,803,symptoms of the scrotum and testes (64%); neck pain (53%); shoulder pain (52%); lower body pain (51%); back pain (51%); low back pain (51%); rib pain (51%); headache (51%),Supportive self-care may help symptoms,"Modify activities that worsen pain. For a recent minor injury, use brief rest, cold packs wrapped in cloth, compression when appropriate, and elevation. For chronic pain, gentle movement and clinician-guided exercises are generally preferred over prolonged bed rest.","Do not use leftover prescription medicines, antibiotics, steroids, or herbal products without advice from a licensed clinician or pharmacist.","Arrange medical review if symptoms are severe, persistent, recurrent, worsening, or not improving with reasonable supportive care.","Trouble breathing; chest pain or pressure; fainting; sudden confusion; severe weakness; heavy bleeding; coughing or vomiting blood; seizure; blue, gray, or very pale lips/skin; severe or rapidly worsening pain",https://medlineplus.gov/search/?query=injury+to+the+trunk,https://www.nhs.uk/search/results/?q=injury+to+the+trunk,Needs clinical review,"Symptoms are derived from the uploaded training CSV. Guidance is a conservative, source-backed draft and must be reviewed by a licensed healthcare professional before production use."
62,liver_disease,Liver Disease,Digestive / hepatobiliary,1209,upper abdominal pain (52%); nausea (52%); blood in stool (51%); peripheral edema (51%); jaundice (51%); sharp abdominal pain (51%); unusual color or odor to urine (50%); side pain (50%),Prompt medical evaluation,"Use only supportive measures while arranging prompt professional care: rest, adequate fluids when safe, monitor symptoms, and avoid unprescribed antibiotics or other medicines.","Do not use leftover prescription medicines, antibiotics, steroids, or herbal products without advice from a licensed clinician or pharmacist. Do not force fluids or change salt intake without professional advice.","Contact a healthcare professional promptly, ideally the same day, or sooner if symptoms are worsening.","Trouble breathing; chest pain or pressure; fainting; sudden confusion; severe weakness; heavy bleeding; coughing or vomiting blood; seizure; blue, gray, or very pale lips/skin; severe or rapidly worsening pain",https://medlineplus.gov/search/?query=liver+disease,https://www.nhs.uk/search/results/?q=liver+disease,Needs clinical review,"Symptoms are derived from the uploaded training CSV. Guidance is a conservative, source-backed draft and must be reviewed by a licensed healthcare professional before production use."
63,macular_degeneration,Macular Degeneration,Eye,817,double vision (64%); foreign body sensation in eye (53%); blindness (52%); lacrimation (51%); abnormal movement of eyelid (51%); bleeding from eye (50%); spots or clouds in vision (50%); diminished vision (50%),Prompt medical evaluation,"Use only supportive measures while arranging prompt professional care: rest, adequate fluids when safe, monitor symptoms, and avoid unprescribed antibiotics or other medicines.","Do not use leftover prescription medicines, antibiotics, steroids, or herbal products without advice from a licensed clinician or pharmacist.","Contact a healthcare professional promptly, ideally the same day, or sooner if symptoms are worsening.","Trouble breathing; chest pain or pressure; fainting; sudden confusion; severe weakness; heavy bleeding; coughing or vomiting blood; seizure; blue, gray, or very pale lips/skin; severe or rapidly worsening pain",https://medlineplus.gov/search/?query=macular+degeneration,https://www.nhs.uk/search/results/?q=macular+degeneration,Needs clinical review,"Symptoms are derived from the uploaded training CSV. Guidance is a conservative, source-backed draft and must be reviewed by a licensed healthcare professional before production use."
64,marijuana_abuse,Marijuana Abuse,Mental and behavioral health,1210,abusing alcohol (53%); excessive anger (52%); low self-esteem (52%); hostile behavior (52%); fears and phobias (51%); drug abuse (51%); depressive or psychotic symptoms (50%); depression (50%),Clinician-guided support,"Maintain regular sleep, meals, gentle activity, and social support. Use calming or grounding techniques when helpful and arrange assessment with a qualified mental-health professional. Avoid alcohol or recreational drugs.","Do not use leftover prescription medicines, antibiotics, steroids, or herbal products without advice from a licensed clinician or pharmacist.","Seek professional help when symptoms disrupt daily life, persist, worsen, involve hallucinations, or create safety concerns.","Trouble breathing; chest pain or pressure; fainting; sudden confusion; severe weakness; heavy bleeding; coughing or vomiting blood; seizure; blue, gray, or very pale lips/skin; severe or rapidly worsening pain",https://medlineplus.gov/search/?query=marijuana+abuse,https://www.nhs.uk/search/results/?q=marijuana+abuse,Needs clinical review,"Symptoms are derived from the uploaded training CSV. Guidance is a conservative, source-backed draft and must be reviewed by a licensed healthcare professional before production use."
65,multiple_sclerosis,Multiple Sclerosis,Musculoskeletal / neurologic,825,abnormal involuntary movements (64%); leg weakness (54%); loss of sensation (52%); fatigue (52%); problems with movement (51%); disturbance of memory (51%); weakness (51%); paresthesia (51%),Supportive self-care may help symptoms,"Modify activities that worsen pain. For a recent minor injury, use brief rest, cold packs wrapped in cloth, compression when appropriate, and elevation. For chronic pain, gentle movement and clinician-guided exercises are generally preferred over prolonged bed rest.","Do not use leftover prescription medicines, antibiotics, steroids, or herbal products without advice from a licensed clinician or pharmacist.","Arrange medical review if symptoms are severe, persistent, recurrent, worsening, or not improving with reasonable supportive care.","Trouble breathing; chest pain or pressure; fainting; sudden confusion; severe weakness; heavy bleeding; coughing or vomiting blood; seizure; blue, gray, or very pale lips/skin; severe or rapidly worsening pain",https://medlineplus.gov/search/?query=multiple+sclerosis,https://www.nhs.uk/search/results/?q=multiple+sclerosis,Needs clinical review,"Symptoms are derived from the uploaded training CSV. Guidance is a conservative, source-backed draft and must be reviewed by a licensed healthcare professional before production use."
66,noninfectious_gastroenteritis,Noninfectious Gastroenteritis,Digestive / hepatobiliary,1206,diarrhea (53%); nausea (52%); decreased appetite (51%); sharp abdominal pain (51%); vomiting (51%); headache (51%); rectal bleeding (50%); burning abdominal pain (50%),Supportive self-care may help symptoms,"Drink adequate fluids, use small balanced meals, and avoid foods that clearly worsen symptoms. For constipation, gradually increase fiber and activity when appropriate. Stop self-care and seek medical advice if pain, bleeding, fever, or vomiting occurs.","Do not use leftover prescription medicines, antibiotics, steroids, or herbal products without advice from a licensed clinician or pharmacist.","Arrange medical review if symptoms are severe, persistent, recurrent, worsening, or not improving with reasonable supportive care.","Trouble breathing; chest pain or pressure; fainting; sudden confusion; severe weakness; heavy bleeding; coughing or vomiting blood; seizure; blue, gray, or very pale lips/skin; severe or rapidly worsening pain",https://medlineplus.gov/search/?query=noninfectious+gastroenteritis,https://www.nhs.uk/search/results/?q=noninfectious+gastroenteritis,Needs clinical review,"Symptoms are derived from the uploaded training CSV. Guidance is a conservative, source-backed draft and must be reviewed by a licensed healthcare professional before production use."
67,nose_disorder,Nose Disorder,Respiratory / ENT,1218,ear pain (52%); nosebleed (52%); facial pain (51%); difficulty breathing (51%); painful sinuses (51%); cough (51%); nasal congestion (50%); headache (50%),Supportive self-care may help symptoms,"Rest, drink adequate fluids, use clean humidified air, avoid smoke and other triggers, and practice hand hygiene. Warm fluids may soothe throat irritation. Follow an existing clinician-approved asthma or COPD action plan when applicable.","Do not use leftover prescription medicines, antibiotics, steroids, or herbal products without advice from a licensed clinician or pharmacist.","Arrange medical review if symptoms are severe, persistent, recurrent, worsening, or not improving with reasonable supportive care.","Trouble breathing; chest pain or pressure; fainting; sudden confusion; severe weakness; heavy bleeding; coughing or vomiting blood; seizure; blue, gray, or very pale lips/skin; severe or rapidly worsening pain",https://medlineplus.gov/search/?query=nose+disorder,https://www.nhs.uk/search/results/?q=nose+disorder,Needs clinical review,"Symptoms are derived from the uploaded training CSV. Guidance is a conservative, source-backed draft and must be reviewed by a licensed healthcare professional before production use."
68,obstructive_sleep_apnea_osa,Obstructive Sleep Apnea (Osa),Respiratory / ENT,1196,mouth dryness (53%); fatigue (52%); sweating (52%); difficulty breathing (51%); abnormal breathing sounds (51%); abnormal involuntary movements (51%); apnea (51%); weight gain (51%),Supportive self-care may help symptoms,"Rest, drink adequate fluids, use clean humidified air, avoid smoke and other triggers, and practice hand hygiene. Warm fluids may soothe throat irritation. Follow an existing clinician-approved asthma or COPD action plan when applicable.","Do not use leftover prescription medicines, antibiotics, steroids, or herbal products without advice from a licensed clinician or pharmacist.","Arrange medical review if symptoms are severe, persistent, recurrent, worsening, or not improving with reasonable supportive care.","Trouble breathing; chest pain or pressure; fainting; sudden confusion; severe weakness; heavy bleeding; coughing or vomiting blood; seizure; blue, gray, or very pale lips/skin; severe or rapidly worsening pain",https://medlineplus.gov/search/?query=obstructive+sleep+apnea+%28osa%29,https://www.nhs.uk/search/results/?q=obstructive+sleep+apnea+%28osa%29,Needs clinical review,"Symptoms are derived from the uploaded training CSV. Guidance is a conservative, source-backed draft and must be reviewed by a licensed healthcare professional before production use."
69,otitis_externa_swimmer_s_ear,Otitis Externa (Swimmer'S Ear),Respiratory / ENT,808,itchy ear(s) (62%); fever (53%); ear pain (53%); plugged feeling in ear (53%); redness in ear (52%); cough (51%); fluid in ear (51%); facial pain (50%),Supportive self-care may help symptoms,"Rest, drink adequate fluids, use clean humidified air, avoid smoke and other triggers, and practice hand hygiene. Warm fluids may soothe throat irritation. Follow an existing clinician-approved asthma or COPD action plan when applicable.","Do not use leftover prescription medicines, antibiotics, steroids, or herbal products without advice from a licensed clinician or pharmacist.","Arrange medical review if symptoms are severe, persistent, recurrent, worsening, or not improving with reasonable supportive care.","Trouble breathing; chest pain or pressure; fainting; sudden confusion; severe weakness; heavy bleeding; coughing or vomiting blood; seizure; blue, gray, or very pale lips/skin; severe or rapidly worsening pain",https://medlineplus.gov/search/?query=otitis+externa+%28swimmer%27s+ear%29,https://www.nhs.uk/search/results/?q=otitis+externa+%28swimmer%27s+ear%29,Needs clinical review,"Symptoms are derived from the uploaded training CSV. Guidance is a conservative, source-backed draft and must be reviewed by a licensed healthcare professional before production use."
70,otitis_media,Otitis Media,Other clinical condition,807,vomiting (64%); ear pain (53%); coryza (52%); diminished hearing (52%); plugged feeling in ear (51%); sore throat (51%); fever (51%); nasal congestion (50%),Prompt medical evaluation,"Use only supportive measures while arranging prompt professional care: rest, adequate fluids when safe, monitor symptoms, and avoid unprescribed antibiotics or other medicines.","Do not use leftover prescription medicines, antibiotics, steroids, or herbal products without advice from a licensed clinician or pharmacist.","Contact a healthcare professional promptly, ideally the same day, or sooner if symptoms are worsening.","Trouble breathing; chest pain or pressure; fainting; sudden confusion; severe weakness; heavy bleeding; coughing or vomiting blood; seizure; blue, gray, or very pale lips/skin; severe or rapidly worsening pain",https://medlineplus.gov/search/?query=otitis+media,https://www.nhs.uk/search/results/?q=otitis+media,Needs clinical review,"Symptoms are derived from the uploaded training CSV. Guidance is a conservative, source-backed draft and must be reviewed by a licensed healthcare professional before production use."
71,pain_after_an_operation,Pain After An Operation,Musculoskeletal / neurologic,806,leg pain (64%); nausea (53%); low back pain (53%); headache (52%); back pain (52%); neck pain (51%); vomiting (51%); side pain (50%),Supportive self-care may help symptoms,"Modify activities that worsen pain. For a recent minor injury, use brief rest, cold packs wrapped in cloth, compression when appropriate, and elevation. For chronic pain, gentle movement and clinician-guided exercises are generally preferred over prolonged bed rest.","Do not use leftover prescription medicines, antibiotics, steroids, or herbal products without advice from a licensed clinician or pharmacist.","Arrange medical review if symptoms are severe, persistent, recurrent, worsening, or not improving with reasonable supportive care.","Trouble breathing; chest pain or pressure; fainting; sudden confusion; severe weakness; heavy bleeding; coughing or vomiting blood; seizure; blue, gray, or very pale lips/skin; severe or rapidly worsening pain",https://medlineplus.gov/search/?query=pain+after+an+operation,https://www.nhs.uk/search/results/?q=pain+after+an+operation,Needs clinical review,"Symptoms are derived from the uploaded training CSV. Guidance is a conservative, source-backed draft and must be reviewed by a licensed healthcare professional before production use."
72,panic_disorder,Panic Disorder,Mental and behavioral health,810,depressive or psychotic symptoms (64%); dizziness (52%); abnormal involuntary movements (51%); insomnia (51%); breathing fast (51%); chest tightness (51%); anxiety and nervousness (50%); irregular heartbeat (50%),Clinician-guided support,"Maintain regular sleep, meals, gentle activity, and social support. Use calming or grounding techniques when helpful and arrange assessment with a qualified mental-health professional. Avoid alcohol or recreational drugs.","Do not use leftover prescription medicines, antibiotics, steroids, or herbal products without advice from a licensed clinician or pharmacist.","Seek professional help when symptoms disrupt daily life, persist, worsen, involve hallucinations, or create safety concerns.","Trouble breathing; chest pain or pressure; fainting; sudden confusion; severe weakness; heavy bleeding; coughing or vomiting blood; seizure; blue, gray, or very pale lips/skin; severe or rapidly worsening pain",https://medlineplus.gov/search/?query=panic+disorder,https://www.nhs.uk/search/results/?q=panic+disorder,Needs clinical review,"Symptoms are derived from the uploaded training CSV. Guidance is a conservative, source-backed draft and must be reviewed by a licensed healthcare professional before production use."
73,pelvic_inflammatory_disease,Pelvic Inflammatory Disease,Urinary / reproductive / pregnancy,804,burning abdominal pain (64%); intermenstrual bleeding (51%); vaginal discharge (51%); painful urination (51%); back pain (51%); lower abdominal pain (50%); nausea (50%); vomiting (50%),Prompt medical evaluation,"Use only supportive measures while arranging prompt professional care: rest, adequate fluids when safe, monitor symptoms, and avoid unprescribed antibiotics or other medicines.","Do not use leftover prescription medicines, antibiotics, steroids, or herbal products without advice from a licensed clinician or pharmacist.","Contact a healthcare professional promptly, ideally the same day, or sooner if symptoms are worsening.","Trouble breathing; chest pain or pressure; fainting; sudden confusion; severe weakness; heavy bleeding; coughing or vomiting blood; seizure; blue, gray, or very pale lips/skin; severe or rapidly worsening pain",https://medlineplus.gov/search/?query=pelvic+inflammatory+disease,https://www.nhs.uk/search/results/?q=pelvic+inflammatory+disease,Needs clinical review,"Symptoms are derived from the uploaded training CSV. Guidance is a conservative, source-backed draft and must be reviewed by a licensed healthcare professional before production use."
74,peripheral_nerve_disorder,Peripheral Nerve Disorder,Musculoskeletal / neurologic,1215,leg weakness (52%); loss of sensation (51%); arm pain (51%); back pain (51%); foot or toe pain (51%); leg pain (50%); abnormal involuntary movements (50%); paresthesia (50%),Supportive self-care may help symptoms,"Modify activities that worsen pain. For a recent minor injury, use brief rest, cold packs wrapped in cloth, compression when appropriate, and elevation. For chronic pain, gentle movement and clinician-guided exercises are generally preferred over prolonged bed rest.","Do not use leftover prescription medicines, antibiotics, steroids, or herbal products without advice from a licensed clinician or pharmacist.","Arrange medical review if symptoms are severe, persistent, recurrent, worsening, or not improving with reasonable supportive care.","Trouble breathing; chest pain or pressure; fainting; sudden confusion; severe weakness; heavy bleeding; coughing or vomiting blood; seizure; blue, gray, or very pale lips/skin; severe or rapidly worsening pain",https://medlineplus.gov/search/?query=peripheral+nerve+disorder,https://www.nhs.uk/search/results/?q=peripheral+nerve+disorder,Needs clinical review,"Symptoms are derived from the uploaded training CSV. Guidance is a conservative, source-backed draft and must be reviewed by a licensed healthcare professional before production use."
75,personality_disorder,Personality Disorder,Mental and behavioral health,816,temper problems (62%); hostile behavior (54%); delusions or hallucinations (52%); insomnia (52%); low self-esteem (51%); depression (50%); excessive anger (50%); fears and phobias (50%),Clinician-guided support,"Maintain regular sleep, meals, gentle activity, and social support. Use calming or grounding techniques when helpful and arrange assessment with a qualified mental-health professional. Avoid alcohol or recreational drugs.","Do not use leftover prescription medicines, antibiotics, steroids, or herbal products without advice from a licensed clinician or pharmacist.","Seek professional help when symptoms disrupt daily life, persist, worsen, involve hallucinations, or create safety concerns.","Trouble breathing; chest pain or pressure; fainting; sudden confusion; severe weakness; heavy bleeding; coughing or vomiting blood; seizure; blue, gray, or very pale lips/skin; severe or rapidly worsening pain",https://medlineplus.gov/search/?query=personality+disorder,https://www.nhs.uk/search/results/?q=personality+disorder,Needs clinical review,"Symptoms are derived from the uploaded training CSV. Guidance is a conservative, source-backed draft and must be reviewed by a licensed healthcare professional before production use."
76,pneumonia,Pneumonia,Respiratory / ENT,1212,vomiting (52%); cough (51%); nasal congestion (51%); weakness (51%); sore throat (50%); sharp chest pain (50%); difficulty breathing (49%); wheezing (49%),Prompt medical evaluation,"Use only supportive measures while arranging prompt professional care: rest, adequate fluids when safe, monitor symptoms, and avoid unprescribed antibiotics or other medicines.","Do not use leftover prescription medicines, antibiotics, steroids, or herbal products without advice from a licensed clinician or pharmacist.","Contact a healthcare professional promptly, ideally the same day, or sooner if symptoms are worsening.","Trouble breathing; chest pain or pressure; fainting; sudden confusion; severe weakness; heavy bleeding; coughing or vomiting blood; seizure; blue, gray, or very pale lips/skin; severe or rapidly worsening pain",https://medlineplus.gov/search/?query=pneumonia,https://www.nhs.uk/search/results/?q=pneumonia,Needs clinical review,"Symptoms are derived from the uploaded training CSV. Guidance is a conservative, source-backed draft and must be reviewed by a licensed healthcare professional before production use."
77,problem_during_pregnancy,Problem During Pregnancy,Urinary / reproductive / pregnancy,820,pelvic pain (63%); lower abdominal pain (53%); back pain (53%); problems during pregnancy (53%); spotting or bleeding during pregnancy (51%); nausea (51%); pain during pregnancy (51%); vomiting (50%),Emergency evaluation,"Do not rely on home remedies. Arrange emergency assessment now. Keep the person safe, avoid food or drink if a procedure may be needed, and follow emergency-service instructions.","Do not use leftover prescription medicines, antibiotics, steroids, or herbal products without advice from a licensed clinician or pharmacist.",Seek emergency care immediately; do not wait for symptoms to improve at home.,"Trouble breathing; chest pain or pressure; fainting; sudden confusion; severe weakness; heavy bleeding; coughing or vomiting blood; seizure; blue, gray, or very pale lips/skin; severe or rapidly worsening pain",https://medlineplus.gov/search/?query=problem+during+pregnancy,https://www.nhs.uk/search/results/?q=problem+during+pregnancy,Needs clinical review,"Symptoms are derived from the uploaded training CSV. Guidance is a conservative, source-backed draft and must be reviewed by a licensed healthcare professional before production use."
78,psoriasis,Psoriasis,Skin / dermatologic,825,"skin swelling (61%); skin rash (56%); irregular appearing scalp (52%); skin moles (51%); skin dryness, peeling, scaliness, or roughness (51%); skin growth (51%); itchy scalp (50%); itching of skin (50%)",Supportive self-care may help symptoms,"Keep the area clean and dry, avoid scratching and known irritants, use fragrance-free skin products, and protect affected skin from excessive sun or friction. Do not cut, squeeze, or burn lesions.","Do not use leftover prescription medicines, antibiotics, steroids, or herbal products without advice from a licensed clinician or pharmacist.","Arrange medical review if symptoms are severe, persistent, recurrent, worsening, or not improving with reasonable supportive care.","Trouble breathing; chest pain or pressure; fainting; sudden confusion; severe weakness; heavy bleeding; coughing or vomiting blood; seizure; blue, gray, or very pale lips/skin; severe or rapidly worsening pain",https://medlineplus.gov/search/?query=psoriasis,https://www.nhs.uk/search/results/?q=psoriasis,Needs clinical review,"Symptoms are derived from the uploaded training CSV. Guidance is a conservative, source-backed draft and must be reviewed by a licensed healthcare professional before production use."
79,pyogenic_skin_infection,Pyogenic Skin Infection,Other clinical condition,834,foot or toe pain (63%); abnormal appearing skin (53%); skin rash (52%); leg swelling (51%); hand or finger swelling (51%); peripheral edema (51%); leg pain (50%); foot or toe swelling (50%),Prompt medical evaluation,"Use only supportive measures while arranging prompt professional care: rest, adequate fluids when safe, monitor symptoms, and avoid unprescribed antibiotics or other medicines.","Do not use leftover prescription medicines, antibiotics, steroids, or herbal products without advice from a licensed clinician or pharmacist.","Contact a healthcare professional promptly, ideally the same day, or sooner if symptoms are worsening.","Trouble breathing; chest pain or pressure; fainting; sudden confusion; severe weakness; heavy bleeding; coughing or vomiting blood; seizure; blue, gray, or very pale lips/skin; severe or rapidly worsening pain",https://medlineplus.gov/search/?query=pyogenic+skin+infection,https://www.nhs.uk/search/results/?q=pyogenic+skin+infection,Needs clinical review,"Symptoms are derived from the uploaded training CSV. Guidance is a conservative, source-backed draft and must be reviewed by a licensed healthcare professional before production use."
80,rectal_disorder,Rectal Disorder,Digestive / hepatobiliary,808,heartburn (63%); pain of the anus (53%); constipation (52%); burning abdominal pain (52%); sharp abdominal pain (51%); rectal bleeding (51%); diarrhea (49%); cramps and spasms (49%),Supportive self-care may help symptoms,"Drink adequate fluids, use small balanced meals, and avoid foods that clearly worsen symptoms. For constipation, gradually increase fiber and activity when appropriate. Stop self-care and seek medical advice if pain, bleeding, fever, or vomiting occurs.","Do not use leftover prescription medicines, antibiotics, steroids, or herbal products without advice from a licensed clinician or pharmacist.","Arrange medical review if symptoms are severe, persistent, recurrent, worsening, or not improving with reasonable supportive care.","Trouble breathing; chest pain or pressure; fainting; sudden confusion; severe weakness; heavy bleeding; coughing or vomiting blood; seizure; blue, gray, or very pale lips/skin; severe or rapidly worsening pain",https://medlineplus.gov/search/?query=rectal+disorder,https://www.nhs.uk/search/results/?q=rectal+disorder,Needs clinical review,"Symptoms are derived from the uploaded training CSV. Guidance is a conservative, source-backed draft and must be reviewed by a licensed healthcare professional before production use."
81,schizophrenia,Schizophrenia,Mental and behavioral health,811,insomnia (64%); hysterical behavior (53%); depression (52%); fears and phobias (52%); delusions or hallucinations (51%); low self-esteem (51%); depressive or psychotic symptoms (51%); excessive anger (51%),Clinician-guided support,"Maintain regular sleep, meals, gentle activity, and social support. Use calming or grounding techniques when helpful and arrange assessment with a qualified mental-health professional. Avoid alcohol or recreational drugs.","Do not use leftover prescription medicines, antibiotics, steroids, or herbal products without advice from a licensed clinician or pharmacist.","Seek professional help when symptoms disrupt daily life, persist, worsen, involve hallucinations, or create safety concerns.","Trouble breathing; chest pain or pressure; fainting; sudden confusion; severe weakness; heavy bleeding; coughing or vomiting blood; seizure; blue, gray, or very pale lips/skin; severe or rapidly worsening pain",https://medlineplus.gov/search/?query=schizophrenia,https://www.nhs.uk/search/results/?q=schizophrenia,Needs clinical review,"Symptoms are derived from the uploaded training CSV. Guidance is a conservative, source-backed draft and must be reviewed by a licensed healthcare professional before production use."
82,seasonal_allergies_hay_fever,Seasonal Allergies (Hay Fever),Respiratory / ENT,816,lacrimation (64%); ear pain (53%); frontal headache (52%); sneezing (51%); headache (51%); coryza (51%); allergic reaction (50%); nasal congestion (50%),Supportive self-care may help symptoms,"Rest, drink adequate fluids, use clean humidified air, avoid smoke and other triggers, and practice hand hygiene. Warm fluids may soothe throat irritation. Follow an existing clinician-approved asthma or COPD action plan when applicable.","Do not use leftover prescription medicines, antibiotics, steroids, or herbal products without advice from a licensed clinician or pharmacist.","Arrange medical review if symptoms are severe, persistent, recurrent, worsening, or not improving with reasonable supportive care.","Trouble breathing; chest pain or pressure; fainting; sudden confusion; severe weakness; heavy bleeding; coughing or vomiting blood; seizure; blue, gray, or very pale lips/skin; severe or rapidly worsening pain",https://medlineplus.gov/search/?query=seasonal+allergies+%28hay+fever%29,https://www.nhs.uk/search/results/?q=seasonal+allergies+%28hay+fever%29,Needs clinical review,"Symptoms are derived from the uploaded training CSV. Guidance is a conservative, source-backed draft and must be reviewed by a licensed healthcare professional before production use."
83,sebaceous_cyst,Sebaceous Cyst,Skin / dermatologic,821,skin moles (63%); skin growth (53%); hand or finger lump or mass (52%); neck mass (52%); irregular appearing scalp (51%); abnormal appearing skin (50%); back mass or lump (50%); acne or pimples (50%),Supportive self-care may help symptoms,"Keep the area clean and dry, avoid scratching and known irritants, use fragrance-free skin products, and protect affected skin from excessive sun or friction. Do not cut, squeeze, or burn lesions.","Do not use leftover prescription medicines, antibiotics, steroids, or herbal products without advice from a licensed clinician or pharmacist.","Arrange medical review if symptoms are severe, persistent, recurrent, worsening, or not improving with reasonable supportive care.","Trouble breathing; chest pain or pressure; fainting; sudden confusion; severe weakness; heavy bleeding; coughing or vomiting blood; seizure; blue, gray, or very pale lips/skin; severe or rapidly worsening pain",https://medlineplus.gov/search/?query=sebaceous+cyst,https://www.nhs.uk/search/results/?q=sebaceous+cyst,Needs clinical review,"Symptoms are derived from the uploaded training CSV. Guidance is a conservative, source-backed draft and must be reviewed by a licensed healthcare professional before production use."
84,sepsis,Sepsis,Systemic / metabolic,824,shortness of breath (63%); fever (53%); feeling ill (52%); vomiting (51%); cough (51%); sharp abdominal pain (51%); difficulty breathing (50%); weakness (50%),Emergency evaluation,"Do not rely on home remedies. Arrange emergency assessment now. Keep the person safe, avoid food or drink if a procedure may be needed, and follow emergency-service instructions.","Do not use leftover prescription medicines, antibiotics, steroids, or herbal products without advice from a licensed clinician or pharmacist.",Seek emergency care immediately; do not wait for symptoms to improve at home.,"Trouble breathing; chest pain or pressure; fainting; sudden confusion; severe weakness; heavy bleeding; coughing or vomiting blood; seizure; blue, gray, or very pale lips/skin; severe or rapidly worsening pain",https://medlineplus.gov/search/?query=sepsis,https://www.nhs.uk/search/results/?q=sepsis,Needs clinical review,"Symptoms are derived from the uploaded training CSV. Guidance is a conservative, source-backed draft and must be reviewed by a licensed healthcare professional before production use."
85,sickle_cell_crisis,Sickle Cell Crisis,Systemic / metabolic,808,vomiting (64%); arm pain (54%); leg pain (51%); sharp abdominal pain (51%); knee pain (50%); back pain (50%); burning abdominal pain (50%); ache all over (50%),Emergency evaluation,"Do not rely on home remedies. Arrange emergency assessment now. Keep the person safe, avoid food or drink if a procedure may be needed, and follow emergency-service instructions.","Do not use leftover prescription medicines, antibiotics, steroids, or herbal products without advice from a licensed clinician or pharmacist.",Seek emergency care immediately; do not wait for symptoms to improve at home.,"Trouble breathing; chest pain or pressure; fainting; sudden confusion; severe weakness; heavy bleeding; coughing or vomiting blood; seizure; blue, gray, or very pale lips/skin; severe or rapidly worsening pain",https://medlineplus.gov/search/?query=sickle+cell+crisis,https://www.nhs.uk/search/results/?q=sickle+cell+crisis,Needs clinical review,"Symptoms are derived from the uploaded training CSV. Guidance is a conservative, source-backed draft and must be reviewed by a licensed healthcare professional before production use."
86,sinus_bradycardia,Sinus Bradycardia,Cardiovascular,814,chest tightness (64%); irregular heartbeat (53%); fainting (53%); decreased heart rate (51%); increased heart rate (51%); shortness of breath (51%); dizziness (50%); sharp chest pain (50%),Prompt medical evaluation,"Use only supportive measures while arranging prompt professional care: rest, adequate fluids when safe, monitor symptoms, and avoid unprescribed antibiotics or other medicines.","Do not use leftover prescription medicines, antibiotics, steroids, or herbal products without advice from a licensed clinician or pharmacist.","Contact a healthcare professional promptly, ideally the same day, or sooner if symptoms are worsening.","Trouble breathing; chest pain or pressure; fainting; sudden confusion; severe weakness; heavy bleeding; coughing or vomiting blood; seizure; blue, gray, or very pale lips/skin; severe or rapidly worsening pain",https://medlineplus.gov/search/?query=sinus+bradycardia,https://www.nhs.uk/search/results/?q=sinus+bradycardia,Needs clinical review,"Symptoms are derived from the uploaded training CSV. Guidance is a conservative, source-backed draft and must be reviewed by a licensed healthcare professional before production use."
87,skin_pigmentation_disorder,Skin Pigmentation Disorder,Skin / dermatologic,805,"irregular appearing scalp (65%); warts (55%); skin growth (53%); skin moles (52%); skin dryness, peeling, scaliness, or roughness (51%); acne or pimples (50%); skin swelling (50%); itching of skin (50%)",Supportive self-care may help symptoms,"Keep the area clean and dry, avoid scratching and known irritants, use fragrance-free skin products, and protect affected skin from excessive sun or friction. Do not cut, squeeze, or burn lesions.","Do not use leftover prescription medicines, antibiotics, steroids, or herbal products without advice from a licensed clinician or pharmacist.","Arrange medical review if symptoms are severe, persistent, recurrent, worsening, or not improving with reasonable supportive care.","Trouble breathing; chest pain or pressure; fainting; sudden confusion; severe weakness; heavy bleeding; coughing or vomiting blood; seizure; blue, gray, or very pale lips/skin; severe or rapidly worsening pain",https://medlineplus.gov/search/?query=skin+pigmentation+disorder,https://www.nhs.uk/search/results/?q=skin+pigmentation+disorder,Needs clinical review,"Symptoms are derived from the uploaded training CSV. Guidance is a conservative, source-backed draft and must be reviewed by a licensed healthcare professional before production use."
88,skin_polyp,Skin Polyp,Skin / dermatologic,807,"skin swelling (63%); skin moles (55%); warts (53%); irregular appearing scalp (52%); acne or pimples (51%); abnormal appearing skin (51%); skin growth (51%); skin dryness, peeling, scaliness, or roughness (50%)",Supportive self-care may help symptoms,"Keep the area clean and dry, avoid scratching and known irritants, use fragrance-free skin products, and protect affected skin from excessive sun or friction. Do not cut, squeeze, or burn lesions.","Do not use leftover prescription medicines, antibiotics, steroids, or herbal products without advice from a licensed clinician or pharmacist.","Arrange medical review if symptoms are severe, persistent, recurrent, worsening, or not improving with reasonable supportive care.","Trouble breathing; chest pain or pressure; fainting; sudden confusion; severe weakness; heavy bleeding; coughing or vomiting blood; seizure; blue, gray, or very pale lips/skin; severe or rapidly worsening pain",https://medlineplus.gov/search/?query=skin+polyp,https://www.nhs.uk/search/results/?q=skin+polyp,Needs clinical review,"Symptoms are derived from the uploaded training CSV. Guidance is a conservative, source-backed draft and must be reviewed by a licensed healthcare professional before production use."
89,spinal_stenosis,Spinal Stenosis,Musculoskeletal / neurologic,1207,back pain (52%); neck pain (51%); problems with movement (51%); arm pain (51%); lower body pain (51%); hip pain (51%); low back pain (51%); paresthesia (50%),Supportive self-care may help symptoms,"Modify activities that worsen pain. For a recent minor injury, use brief rest, cold packs wrapped in cloth, compression when appropriate, and elevation. For chronic pain, gentle movement and clinician-guided exercises are generally preferred over prolonged bed rest.","Do not use leftover prescription medicines, antibiotics, steroids, or herbal products without advice from a licensed clinician or pharmacist.","Arrange medical review if symptoms are severe, persistent, recurrent, worsening, or not improving with reasonable supportive care.","Trouble breathing; chest pain or pressure; fainting; sudden confusion; severe weakness; heavy bleeding; coughing or vomiting blood; seizure; blue, gray, or very pale lips/skin; severe or rapidly worsening pain",https://medlineplus.gov/search/?query=spinal+stenosis,https://www.nhs.uk/search/results/?q=spinal+stenosis,Needs clinical review,"Symptoms are derived from the uploaded training CSV. Guidance is a conservative, source-backed draft and must be reviewed by a licensed healthcare professional before production use."
90,spondylosis,Spondylosis,Musculoskeletal / neurologic,1216,neck pain (52%); low back pain (52%); ache all over (52%); back pain (51%); arm pain (51%); loss of sensation (51%); hip pain (50%); lower body pain (50%),Supportive self-care may help symptoms,"Modify activities that worsen pain. For a recent minor injury, use brief rest, cold packs wrapped in cloth, compression when appropriate, and elevation. For chronic pain, gentle movement and clinician-guided exercises are generally preferred over prolonged bed rest.","Do not use leftover prescription medicines, antibiotics, steroids, or herbal products without advice from a licensed clinician or pharmacist.","Arrange medical review if symptoms are severe, persistent, recurrent, worsening, or not improving with reasonable supportive care.","Trouble breathing; chest pain or pressure; fainting; sudden confusion; severe weakness; heavy bleeding; coughing or vomiting blood; seizure; blue, gray, or very pale lips/skin; severe or rapidly worsening pain",https://medlineplus.gov/search/?query=spondylosis,https://www.nhs.uk/search/results/?q=spondylosis,Needs clinical review,"Symptoms are derived from the uploaded training CSV. Guidance is a conservative, source-backed draft and must be reviewed by a licensed healthcare professional before production use."
91,spontaneous_abortion,Spontaneous Abortion,Urinary / reproductive / pregnancy,1212,burning abdominal pain (52%); uterine contractions (52%); pain during pregnancy (51%); pelvic pain (51%); heavy menstrual flow (50%); intermenstrual bleeding (50%); lower abdominal pain (50%); spotting or bleeding during pregnancy (50%),Emergency evaluation,"Do not rely on home remedies. Arrange emergency assessment now. Keep the person safe, avoid food or drink if a procedure may be needed, and follow emergency-service instructions.","Do not use leftover prescription medicines, antibiotics, steroids, or herbal products without advice from a licensed clinician or pharmacist. Avoid aspirin or anti-inflammatory medicines unless specifically instructed.",Seek emergency care immediately; do not wait for symptoms to improve at home.,"Trouble breathing; chest pain or pressure; fainting; sudden confusion; severe weakness; heavy bleeding; coughing or vomiting blood; seizure; blue, gray, or very pale lips/skin; severe or rapidly worsening pain",https://medlineplus.gov/search/?query=spontaneous+abortion,https://www.nhs.uk/search/results/?q=spontaneous+abortion,Needs clinical review,"Symptoms are derived from the uploaded training CSV. Guidance is a conservative, source-backed draft and must be reviewed by a licensed healthcare professional before production use."
92,sprain_or_strain,Sprain Or Strain,Musculoskeletal / neurologic,1212,back pain (52%); arm pain (51%); wrist pain (51%); foot or toe pain (51%); low back pain (51%); shoulder pain (50%); headache (50%); neck pain (50%),Supportive self-care may help symptoms,"Modify activities that worsen pain. For a recent minor injury, use brief rest, cold packs wrapped in cloth, compression when appropriate, and elevation. For chronic pain, gentle movement and clinician-guided exercises are generally preferred over prolonged bed rest.","Do not use leftover prescription medicines, antibiotics, steroids, or herbal products without advice from a licensed clinician or pharmacist.","Arrange medical review if symptoms are severe, persistent, recurrent, worsening, or not improving with reasonable supportive care.","Trouble breathing; chest pain or pressure; fainting; sudden confusion; severe weakness; heavy bleeding; coughing or vomiting blood; seizure; blue, gray, or very pale lips/skin; severe or rapidly worsening pain",https://medlineplus.gov/search/?query=sprain+or+strain,https://www.nhs.uk/search/results/?q=sprain+or+strain,Needs clinical review,"Symptoms are derived from the uploaded training CSV. Guidance is a conservative, source-backed draft and must be reviewed by a licensed healthcare professional before production use."
93,strep_throat,Strep Throat,Other clinical condition,1210,vomiting (53%); headache (52%); ear pain (52%); skin rash (52%); decreased appetite (51%); chills (51%); ache all over (50%); nasal congestion (50%),Prompt medical evaluation,"Use only supportive measures while arranging prompt professional care: rest, adequate fluids when safe, monitor symptoms, and avoid unprescribed antibiotics or other medicines.","Do not use leftover prescription medicines, antibiotics, steroids, or herbal products without advice from a licensed clinician or pharmacist.","Contact a healthcare professional promptly, ideally the same day, or sooner if symptoms are worsening.","Trouble breathing; chest pain or pressure; fainting; sudden confusion; severe weakness; heavy bleeding; coughing or vomiting blood; seizure; blue, gray, or very pale lips/skin; severe or rapidly worsening pain",https://medlineplus.gov/search/?query=strep+throat,https://www.nhs.uk/search/results/?q=strep+throat,Needs clinical review,"Symptoms are derived from the uploaded training CSV. Guidance is a conservative, source-backed draft and must be reviewed by a licensed healthcare professional before production use."
94,stye,Stye,Skin / dermatologic,832,skin swelling (62%); eyelid lesion or rash (54%); swollen eye (53%); eyelid swelling (51%); mass on eyelid (51%); itchiness of eye (51%); symptoms of eye (51%); pain in eye (50%),Supportive self-care may help symptoms,"Keep the area clean and dry, avoid scratching and known irritants, use fragrance-free skin products, and protect affected skin from excessive sun or friction. Do not cut, squeeze, or burn lesions.","Do not use leftover prescription medicines, antibiotics, steroids, or herbal products without advice from a licensed clinician or pharmacist.","Arrange medical review if symptoms are severe, persistent, recurrent, worsening, or not improving with reasonable supportive care.","Trouble breathing; chest pain or pressure; fainting; sudden confusion; severe weakness; heavy bleeding; coughing or vomiting blood; seizure; blue, gray, or very pale lips/skin; severe or rapidly worsening pain",https://medlineplus.gov/search/?query=stye,https://www.nhs.uk/search/results/?q=stye,Needs clinical review,"Symptoms are derived from the uploaded training CSV. Guidance is a conservative, source-backed draft and must be reviewed by a licensed healthcare professional before production use."
95,temporary_or_benign_blood_in_urine,Temporary Or Benign Blood In Urine,Urinary / reproductive / pregnancy,803,painful urination (65%); suprapubic pain (52%); back pain (52%); frequent urination (52%); involuntary urination (51%); blood in urine (51%); lower abdominal pain (51%); regurgitation (51%),Prompt medical evaluation,"Use only supportive measures while arranging prompt professional care: rest, adequate fluids when safe, monitor symptoms, and avoid unprescribed antibiotics or other medicines.","Do not use leftover prescription medicines, antibiotics, steroids, or herbal products without advice from a licensed clinician or pharmacist.","Contact a healthcare professional promptly, ideally the same day, or sooner if symptoms are worsening.","Trouble breathing; chest pain or pressure; fainting; sudden confusion; severe weakness; heavy bleeding; coughing or vomiting blood; seizure; blue, gray, or very pale lips/skin; severe or rapidly worsening pain",https://medlineplus.gov/search/?query=temporary+or+benign+blood+in+urine,https://www.nhs.uk/search/results/?q=temporary+or+benign+blood+in+urine,Needs clinical review,"Symptoms are derived from the uploaded training CSV. Guidance is a conservative, source-backed draft and must be reviewed by a licensed healthcare professional before production use."
96,threatened_pregnancy,Threatened Pregnancy,Urinary / reproductive / pregnancy,818,sharp abdominal pain (63%); cramps and spasms (53%); lower abdominal pain (52%); problems during pregnancy (51%); pelvic pain (51%); intermenstrual bleeding (50%); back pain (50%); spotting or bleeding during pregnancy (50%),Emergency evaluation,"Do not rely on home remedies. Arrange emergency assessment now. Keep the person safe, avoid food or drink if a procedure may be needed, and follow emergency-service instructions.","Do not use leftover prescription medicines, antibiotics, steroids, or herbal products without advice from a licensed clinician or pharmacist. Avoid aspirin or anti-inflammatory medicines unless specifically instructed.",Seek emergency care immediately; do not wait for symptoms to improve at home.,"Trouble breathing; chest pain or pressure; fainting; sudden confusion; severe weakness; heavy bleeding; coughing or vomiting blood; seizure; blue, gray, or very pale lips/skin; severe or rapidly worsening pain",https://medlineplus.gov/search/?query=threatened+pregnancy,https://www.nhs.uk/search/results/?q=threatened+pregnancy,Needs clinical review,"Symptoms are derived from the uploaded training CSV. Guidance is a conservative, source-backed draft and must be reviewed by a licensed healthcare professional before production use."
97,urinary_tract_infection,Urinary Tract Infection,Urinary / reproductive / pregnancy,815,suprapubic pain (63%); painful urination (54%); side pain (52%); blood in urine (52%); back pain (51%); frequent urination (51%); vomiting (51%); lower abdominal pain (50%),Prompt medical evaluation,"Use only supportive measures while arranging prompt professional care: rest, adequate fluids when safe, monitor symptoms, and avoid unprescribed antibiotics or other medicines.","Do not use leftover prescription medicines, antibiotics, steroids, or herbal products without advice from a licensed clinician or pharmacist.","Contact a healthcare professional promptly, ideally the same day, or sooner if symptoms are worsening.","Trouble breathing; chest pain or pressure; fainting; sudden confusion; severe weakness; heavy bleeding; coughing or vomiting blood; seizure; blue, gray, or very pale lips/skin; severe or rapidly worsening pain",https://medlineplus.gov/search/?query=urinary+tract+infection,https://www.nhs.uk/search/results/?q=urinary+tract+infection,Needs clinical review,"Symptoms are derived from the uploaded training CSV. Guidance is a conservative, source-backed draft and must be reviewed by a licensed healthcare professional before production use."
98,vaginal_cyst,Vaginal Cyst,Urinary / reproductive / pregnancy,1215,heavy menstrual flow (52%); pelvic pain (52%); lower abdominal pain (51%); intermenstrual bleeding (51%); pain during pregnancy (51%); vaginal pain (50%); cramps and spasms (50%); blood clots during menstrual periods (50%),Supportive self-care may help symptoms,"Maintain hydration when not medically restricted, avoid irritating scented products, wear breathable clothing, and track symptoms. Pregnancy, urinary, pelvic, or persistent vaginal symptoms require professional evaluation rather than home treatment alone.","Do not use leftover prescription medicines, antibiotics, steroids, or herbal products without advice from a licensed clinician or pharmacist.","Arrange medical review if symptoms are severe, persistent, recurrent, worsening, or not improving with reasonable supportive care.","Trouble breathing; chest pain or pressure; fainting; sudden confusion; severe weakness; heavy bleeding; coughing or vomiting blood; seizure; blue, gray, or very pale lips/skin; severe or rapidly worsening pain",https://medlineplus.gov/search/?query=vaginal+cyst,https://www.nhs.uk/search/results/?q=vaginal+cyst,Needs clinical review,"Symptoms are derived from the uploaded training CSV. Guidance is a conservative, source-backed draft and must be reviewed by a licensed healthcare professional before production use."
99,vaginitis,Vaginitis,Urinary / reproductive / pregnancy,821,pain during intercourse (63%); lower abdominal pain (54%); vaginal pain (53%); vaginal discharge (53%); pelvic pain (51%); suprapubic pain (51%); painful urination (51%); sharp abdominal pain (51%),Supportive self-care may help symptoms,"Maintain hydration when not medically restricted, avoid irritating scented products, wear breathable clothing, and track symptoms. Pregnancy, urinary, pelvic, or persistent vaginal symptoms require professional evaluation rather than home treatment alone.","Do not use leftover prescription medicines, antibiotics, steroids, or herbal products without advice from a licensed clinician or pharmacist.","Arrange medical review if symptoms are severe, persistent, recurrent, worsening, or not improving with reasonable supportive care.","Trouble breathing; chest pain or pressure; fainting; sudden confusion; severe weakness; heavy bleeding; coughing or vomiting blood; seizure; blue, gray, or very pale lips/skin; severe or rapidly worsening pain",https://medlineplus.gov/search/?query=vaginitis,https://www.nhs.uk/search/results/?q=vaginitis,Needs clinical review,"Symptoms are derived from the uploaded training CSV. Guidance is a conservative, source-backed draft and must be reviewed by a licensed healthcare professional before production use."
100,vulvodynia,Vulvodynia,Urinary / reproductive / pregnancy,1218,back pain (52%); vaginal discharge (51%); lower abdominal pain (51%); nausea (50%); pelvic pain (50%); pain during pregnancy (50%); painful urination (50%); side pain (49%),Supportive self-care may help symptoms,"Maintain hydration when not medically restricted, avoid irritating scented products, wear breathable clothing, and track symptoms. Pregnancy, urinary, pelvic, or persistent vaginal symptoms require professional evaluation rather than home treatment alone.","Do not use leftover prescription medicines, antibiotics, steroids, or herbal products without advice from a licensed clinician or pharmacist.","Arrange medical review if symptoms are severe, persistent, recurrent, worsening, or not improving with reasonable supportive care.","Trouble breathing; chest pain or pressure; fainting; sudden confusion; severe weakness; heavy bleeding; coughing or vomiting blood; seizure; blue, gray, or very pale lips/skin; severe or rapidly worsening pain",https://medlineplus.gov/search/?query=vulvodynia,https://www.nhs.uk/search/results/?q=vulvodynia,Needs clinical review,"Symptoms are derived from the uploaded training CSV. Guidance is a conservative, source-backed draft and must be reviewed by a licensed healthcare professional before production use."
